"SourceRoot","RelativePath","FileName","Extension","SizeBytes","Category","LayerCandidate","FunctionalRole","ContainsArabicText","MissingFromActiveByName","SameHashAsActiveWorkspace","SameHashAsActiveCompiled","NamespaceCount","Namespaces","TypeCount","Types","MethodLikeMemberCount","UsingCount"
"_coder01_source_study","Coder01/analysis_notes.md","analysis_notes.md",".md","20920","Documentation/Requirements","Reference/Future Development","Original documentation, requirements, analysis, or spreadsheet evidence.","True","True","False","False","0","","0","","0","0"
"_coder01_source_study","Coder01/ARCHITECTURE.md","ARCHITECTURE.md",".md","20097","Documentation/Requirements","Reference/Future Development","Original documentation, requirements, analysis, or spreadsheet evidence.","True","True","False","False","0","","0","","0","0"
"_coder01_source_study","Coder01/AUTOMATED_BUILD_HELPER.ps1","AUTOMATED_BUILD_HELPER.ps1",".ps1","4575","Build/Tool Script","Reference/Future Development","Original build or maintenance script retained as reference.","False","True","False","False","0","","0","","0","0"
"_coder01_source_study","Coder01/BUILD_COMPLETE_FIX.txt","BUILD_COMPLETE_FIX.txt",".txt","8088","Documentation/Requirements","Reference/Future Development","Original documentation, requirements, analysis, or spreadsheet evidence.","False","True","False","False","0","","0","","0","0"
"_coder01_source_study","Coder01/BUILD_INSTRUCTIONS.md","BUILD_INSTRUCTIONS.md",".md","7269","Documentation/Requirements","Reference/Future Development","Original documentation, requirements, analysis, or spreadsheet evidence.","True","True","False","False","0","","0","","0","0"
"_coder01_source_study","Coder01/BUILD_NO_MSBUILD.ps1","BUILD_NO_MSBUILD.ps1",".ps1","2849","Build/Tool Script","Reference/Future Development","Original build or maintenance script retained as reference.","False","True","False","False","0","","0","","0","0"
"_coder01_source_study","Coder01/Build.bat","Build.bat",".bat","5807","Build/Tool Script","Reference/Future Development","Original build or maintenance script retained as reference.","False","True","False","False","0","","0","","0","0"
"_coder01_source_study","Coder01/CHECK_ENVIRONMENT.bat","CHECK_ENVIRONMENT.bat",".bat","2905","Build/Tool Script","Reference/Future Development","Original build or maintenance script retained as reference.","False","True","False","False","0","","0","","0","0"
"_coder01_source_study","Coder01/COMPARISON_AND_MERGER.md","COMPARISON_AND_MERGER.md",".md","6353","Documentation/Requirements","Reference/Future Development","Original documentation, requirements, analysis, or spreadsheet evidence.","True","True","False","False","0","","0","","0","0"
"_coder01_source_study","Coder01/COMPILATION_SUMMARY.txt","COMPILATION_SUMMARY.txt",".txt","8139","Documentation/Requirements","Reference/Future Development","Original documentation, requirements, analysis, or spreadsheet evidence.","False","True","False","False","0","","0","","0","0"
"_coder01_source_study","Coder01/COMPLETE_GUIDE.txt","COMPLETE_GUIDE.txt",".txt","14062","Documentation/Requirements","Reference/Future Development","Original documentation, requirements, analysis, or spreadsheet evidence.","True","True","False","False","0","","0","","0","0"
"_coder01_source_study","Coder01/Directory.Build.targets","Directory.Build.targets",".targets","975","Reference Artifact","Reference/Future Development","Reference artifact retained for future analysis.","False","True","False","False","0","","0","","0","0"
"_coder01_source_study","Coder01/EJLive_UI_Design_System.md","EJLive_UI_Design_System.md",".md","3309","Documentation/Requirements","Reference/Future Development","Original documentation, requirements, analysis, or spreadsheet evidence.","True","True","False","False","0","","0","","0","0"
"_coder01_source_study","Coder01/EJLive.Client.WinForms/app.config","app.config",".config","816","Configuration/Data","Reference/Future Development","Original configuration or data artifact used to preserve runtime assumptions.","False","False","False","False","0","","0","","0","0"
"_coder01_source_study","Coder01/EJLive.Client.WinForms/ClientMainForm.cs","ClientMainForm.cs",".cs","90442","WinForms UI","Presentation Layer","Preserved visual surface, form, dashboard, panel, or control for UI consolidation.","True","False","False","False","1","EJLive.Client.WinForms","2","ClientMainForm;ServiceRowState","84","24"
"_coder01_source_study","Coder01/EJLive.Client.WinForms/ClientMainForm.Designer.cs","ClientMainForm.Designer.cs",".cs","786","CSharp Source","Reference/Future Development","Preserved C# implementation requiring scenario comparison before promotion.","False","False","True","True","1","EJLive.Client.WinForms","1","ClientMainForm","1","0"
"_coder01_source_study","Coder01/EJLive.Client.WinForms/ClientMainForm.resx","ClientMainForm.resx",".resx","5814","Reference Artifact","Reference/Future Development","Reference artifact retained for future analysis.","False","False","False","False","0","","0","","0","0"
"_coder01_source_study","Coder01/EJLive.Client.WinForms/Controls/ATMCardControl.cs","ATMCardControl.cs",".cs","8638","WinForms UI","Presentation Layer","Preserved visual surface, form, dashboard, panel, or control for UI consolidation.","True","False","False","False","1","EJLive.Client.WinForms.Controls","1","ATMCardControl","4","7"
"_coder01_source_study","Coder01/EJLive.Client.WinForms/Controls/DarkButton.cs","DarkButton.cs",".cs","2782","CSharp Source","Reference/Future Development","Preserved C# implementation requiring scenario comparison before promotion.","False","False","True","True","1","EJLive.Client.Controls","1","DarkButton","1","6"
"_coder01_source_study","Coder01/EJLive.Client.WinForms/Controls/StatusCard.cs","StatusCard.cs",".cs","3170","WinForms UI","Presentation Layer","Preserved visual surface, form, dashboard, panel, or control for UI consolidation.","False","False","True","True","1","EJLive.Client.Controls","1","StatusCard","1","6"
"_coder01_source_study","Coder01/EJLive.Client.WinForms/Controls/ThemeColors.cs","ThemeColors.cs",".cs","3504","CSharp Source","Reference/Future Development","Preserved C# implementation requiring scenario comparison before promotion.","False","False","True","True","1","EJLive.Client.Controls","1","ThemeColors","3","2"
"_coder01_source_study","Coder01/EJLive.Client.WinForms/Controls/ToastNotification.cs","ToastNotification.cs",".cs","7696","WinForms UI","Presentation Layer","Preserved visual surface, form, dashboard, panel, or control for UI consolidation.","True","False","False","False","1","EJLive.Client.WinForms.Controls","2","ToastNotification;ToastType","12","14"
"_coder01_source_study","Coder01/EJLive.Client.WinForms/EJLive.Client.WinForms.csproj","EJLive.Client.WinForms.csproj",".csproj","5128","CSharp Project","Project Structure","Original project file used for dependency and assembly mapping.","False","False","False","False","0","","0","","0","0"
"_coder01_source_study","Coder01/EJLive.Client.WinForms/packages.config","packages.config",".config","236","Configuration/Data","Reference/Future Development","Original configuration or data artifact used to preserve runtime assumptions.","False","False","False","False","0","","0","","0","0"
"_coder01_source_study","Coder01/EJLive.Client.WinForms/Program.cs","Program.cs",".cs","711","CSharp Source","Reference/Future Development","Preserved C# implementation requiring scenario comparison before promotion.","False","False","False","False","1","EJLive.Client.WinForms","1","Program","0","3"
"_coder01_source_study","Coder01/EJLive.Client.WinForms/Properties/AssemblyInfo.cs","AssemblyInfo.cs",".cs","482","CSharp Source","Reference/Future Development","Preserved C# implementation requiring scenario comparison before promotion.","True","False","False","False","0","","0","","0","2"
"_coder01_source_study","Coder01/EJLive.Client.WinForms/Properties/Resources.Designer.cs","Resources.Designer.cs",".cs","2873","CSharp Source","Reference/Future Development","Preserved C# implementation requiring scenario comparison before promotion.","False","False","True","True","1","EJLive.Client.WinForms.Properties","3","was;via;Resources","0","1"
"_coder01_source_study","Coder01/EJLive.Client.WinForms/Properties/Resources.resx","Resources.resx",".resx","5817","Reference Artifact","Reference/Future Development","Reference artifact retained for future analysis.","False","False","False","False","0","","0","","0","0"
"_coder01_source_study","Coder01/EJLive.Client.WinForms/Services/AdvancedJournalProcessor.cs","AdvancedJournalProcessor.cs",".cs","9447","Service/Manager/Engine","Business Layer","Preserved operational behavior for staged service, manager, engine, adapter, parser, or handler promotion.","False","False","False","False","1","EJLive.Client.WinForms.Services","1","AdvancedJournalProcessor","11","8"
"_coder01_source_study","Coder01/EJLive.Client.WinForms/Services/AdvancedNetworkManager.cs","AdvancedNetworkManager.cs",".cs","8509","Service/Manager/Engine","Business Layer","Preserved operational behavior for staged service, manager, engine, adapter, parser, or handler promotion.","True","False","False","False","1","EJLive.Client.WinForms.Services","1","AdvancedNetworkManager","6","10"
"_coder01_source_study","Coder01/EJLive.Client.WinForms/Services/AdvancedRemoteCommandHandler.cs","AdvancedRemoteCommandHandler.cs",".cs","10515","Service/Manager/Engine","Business Layer","Preserved operational behavior for staged service, manager, engine, adapter, parser, or handler promotion.","True","False","False","False","1","EJLive.Client.WinForms.Services","1","AdvancedRemoteCommandHandler","10","10"
"_coder01_source_study","Coder01/EJLive.Client.WinForms/Services/ClientConstants.cs","ClientConstants.cs",".cs","2450","Service/Manager/Engine","Business Layer","Preserved operational behavior for staged service, manager, engine, adapter, parser, or handler promotion.","True","False","True","True","1","EJLive.Client.WinForms.Services","2","Constants;EJPatterns","0","2"
"_coder01_source_study","Coder01/EJLive.Client.WinForms/Services/JournalProcessor.cs","JournalProcessor.cs",".cs","6177","Service/Manager/Engine","Business Layer","Preserved operational behavior for staged service, manager, engine, adapter, parser, or handler promotion.","True","False","False","False","1","EJLive.Client.WinForms.Services","1","JournalProcessor","9","6"
"_coder01_source_study","Coder01/EJLive.Client.WinForms/Services/NetworkManager.cs","NetworkManager.cs",".cs","2040","Service/Manager/Engine","Business Layer","Preserved operational behavior for staged service, manager, engine, adapter, parser, or handler promotion.","True","False","False","False","1","EJLive.Client.WinForms.Services","1","NetworkManager","5","5"
"_coder01_source_study","Coder01/EJLive.Client.WinForms/Services/RemoteCommandHandler.cs","RemoteCommandHandler.cs",".cs","25384","Service/Manager/Engine","Business Layer","Preserved operational behavior for staged service, manager, engine, adapter, parser, or handler promotion.","True","False","False","False","1","EJLive.Client.WinForms.Services","2","RemoteCommandHandler;Application","25","16"
"_coder01_source_study","Coder01/EJLive.Client.WinForms/Services/WindowsRemoteAccessService.cs","WindowsRemoteAccessService.cs",".cs","5872","Service/Manager/Engine","Business Layer","Preserved operational behavior for staged service, manager, engine, adapter, parser, or handler promotion.","False","False","False","False","1","EJLive.Client.WinForms.Services","2","RemoteAccessResult;WindowsRemoteAccessService","7","9"
"_coder01_source_study","Coder01/EJLive.Client.WinForms/Services/WindowsStartupService.cs","WindowsStartupService.cs",".cs","4710","Service/Manager/Engine","Business Layer","Preserved operational behavior for staged service, manager, engine, adapter, parser, or handler promotion.","False","False","False","False","1","EJLive.Client.WinForms.Services","3","StartupRegistrationResult;WindowsStartupService;CommandRun","5","6"
"_coder01_source_study","Coder01/EJLive.Core/App.config","App.config",".config","1497","Configuration/Data","Data/Core Layer","Original configuration or data artifact used to preserve runtime assumptions.","False","False","False","False","0","","0","","0","0"
"_coder01_source_study","Coder01/EJLive.Core/Constants.cs","Constants.cs",".cs","17880","Data/Core Source","Data/Core Layer","Preserved core model, protocol, constant, data, or utility behavior.","True","False","False","False","1","EJLive.Core","2","AppConstants;Colors","9","1"
"_coder01_source_study","Coder01/EJLive.Core/EJLive.Core.csproj","EJLive.Core.csproj",".csproj","4054","CSharp Project","Data/Core Layer","Original project file used for dependency and assembly mapping.","False","False","False","False","0","","0","","0","0"
"_coder01_source_study","Coder01/EJLive.Core/Engine/CommunicationProtocol.cs","CommunicationProtocol.cs",".cs","13460","Service/Manager/Engine","Business Layer","Preserved operational behavior for staged service, manager, engine, adapter, parser, or handler promotion.","True","False","False","False","1","EJLive.Core.Engine","3","CommunicationProtocol;MsgType;EJMessage","29","5"
"_coder01_source_study","Coder01/EJLive.Core/Engine/FileWatcherEngine.cs","FileWatcherEngine.cs",".cs","15134","Service/Manager/Engine","Business Layer","Preserved operational behavior for staged service, manager, engine, adapter, parser, or handler promotion.","True","False","False","False","1","EJLive.Core.Engine","2","FileWatcherEngine;JournalFileEvent","16","8"
"_coder01_source_study","Coder01/EJLive.Core/Engine/GhostRemoteEngine.cs","GhostRemoteEngine.cs",".cs","7664","Service/Manager/Engine","Business Layer","Preserved operational behavior for staged service, manager, engine, adapter, parser, or handler promotion.","True","False","False","False","1","EJLive.Core.Engine","1","GhostRemoteEngine","9","8"
"_coder01_source_study","Coder01/EJLive.Core/Engine/ImageSyncEngine.cs","ImageSyncEngine.cs",".cs","7528","Service/Manager/Engine","Business Layer","Preserved operational behavior for staged service, manager, engine, adapter, parser, or handler promotion.","True","False","False","False","1","EJLive.Core.Engine","1","ImageSyncEngine","6","8"
"_coder01_source_study","Coder01/EJLive.Core/Engine/JournalOutbox.cs","JournalOutbox.cs",".cs","10463","Service/Manager/Engine","Business Layer","Preserved operational behavior for staged service, manager, engine, adapter, parser, or handler promotion.","True","False","False","False","1","EJLive.Core.Engine","3","JournalOutbox;JournalOutboxItem;OutboxStatus","9","9"
"_coder01_source_study","Coder01/EJLive.Core/Engine/JournalSyncTracker.cs","JournalSyncTracker.cs",".cs","7982","Service/Manager/Engine","Business Layer","Preserved operational behavior for staged service, manager, engine, adapter, parser, or handler promotion.","True","False","True","True","1","EJLive.Core.Engine","1","JournalSyncTracker","14","7"
"_coder01_source_study","Coder01/EJLive.Core/Engine/NetworkEngine.cs","NetworkEngine.cs",".cs","17355","Service/Manager/Engine","Business Layer","Preserved operational behavior for staged service, manager, engine, adapter, parser, or handler promotion.","True","False","False","False","1","EJLive.Core.Engine","1","NetworkEngine","18","8"
"_coder01_source_study","Coder01/EJLive.Core/Engine/ReportExportEngine.cs","ReportExportEngine.cs",".cs","13076","Service/Manager/Engine","Business Layer","Preserved operational behavior for staged service, manager, engine, adapter, parser, or handler promotion.","True","False","False","False","1","EJLive.Core.Engine","1","ReportExportEngine","8","7"
"_coder01_source_study","Coder01/EJLive.Core/Engine/ServerEngine.cs","ServerEngine.cs",".cs","23862","Service/Manager/Engine","Business Layer","Preserved operational behavior for staged service, manager, engine, adapter, parser, or handler promotion.","True","False","False","False","1","EJLive.Core.Engine","4","ServerEngine;ClientSession;FileReceiveState;ReceivedPacket","19","10"
"_coder01_source_study","Coder01/EJLive.Core/Engine/TransactionAnalysisEngine.cs","TransactionAnalysisEngine.cs",".cs","22714","Service/Manager/Engine","Business Layer","Preserved operational behavior for staged service, manager, engine, adapter, parser, or handler promotion.","True","False","False","False","1","EJLive.Core.Engine","9","TransactionAnalysisEngine;NCR_Patterns;GRG_Patterns;WN_Patterns;TxType;TxResult;JournalSearchFilter;TransactionRecord;JournalAnalysisResult","12","8"
"_coder01_source_study","Coder01/EJLive.Core/Models/ATMInfo.cs","ATMInfo.cs",".cs","14802","Data/Core Source","Data/Core Layer","Preserved core model, protocol, constant, data, or utility behavior.","True","False","False","False","1","EJLive.Core.Models","10","ConnectionStatus;ATMStatus;ATMType;SyncStatus;AlertSeverity;JournalSyncState;ATMCardState;ATMInfo;AlertPayload;JournalSyncRecord","11","3"
"_coder01_source_study","Coder01/EJLive.Core/Models/JournalSyncModels.cs","JournalSyncModels.cs",".cs","8384","Data/Core Source","Data/Core Layer","Preserved core model, protocol, constant, data, or utility behavior.","True","False","False","False","1","EJLive.Core.Models","7","JournalEntry;SyncStatusInfo;RemoteCommand;RemoteCommandType;CommandParameters;JournalDailyStats;LiveSyncProgress","1","2"
"_coder01_source_study","Coder01/EJLive.Core/Models/TransactionModels.cs","TransactionModels.cs",".cs","13121","Data/Core Source","Data/Core Layer","Preserved core model, protocol, constant, data, or utility behavior.","True","False","False","False","1","EJLive.Core.Models","7","ATMStatsSummary;LiveTransactionEvent;DailySyncReport;AlertReport;AuditLogEntry;SystemUser;AppConfig","4","3"
"_coder01_source_study","Coder01/EJLive.Core/packages.config","packages.config",".config","236","Configuration/Data","Data/Core Layer","Original configuration or data artifact used to preserve runtime assumptions.","False","False","False","False","0","","0","","0","0"
"_coder01_source_study","Coder01/EJLive.Core/Properties/AssemblyInfo.cs","AssemblyInfo.cs",".cs","492","CSharp Source","Data/Core Layer","Preserved C# implementation requiring scenario comparison before promotion.","True","False","False","False","0","","0","","0","2"
"_coder01_source_study","Coder01/EJLive.Core/Services/AlertManager.cs","AlertManager.cs",".cs","10034","Service/Manager/Engine","Business Layer","Preserved operational behavior for staged service, manager, engine, adapter, parser, or handler promotion.","True","False","True","True","1","EJLive.Core.Services","1","AlertManager","13","6"
"_coder01_source_study","Coder01/EJLive.Core/Services/AuditLogger.cs","AuditLogger.cs",".cs","7181","Service/Manager/Engine","Business Layer","Preserved operational behavior for staged service, manager, engine, adapter, parser, or handler promotion.","True","False","True","True","1","EJLive.Core.Services","3","AuditLogger;AuditEntry;AuditAction","15","5"
"_coder01_source_study","Coder01/EJLive.Core/Services/DatabaseManager.cs","DatabaseManager.cs",".cs","20202","Service/Manager/Engine","Business Layer","Preserved operational behavior for staged service, manager, engine, adapter, parser, or handler promotion.","True","False","True","True","1","EJLive.Core.Services","1","DatabaseManager","17","19"
"_coder01_source_study","Coder01/EJLive.Core/Services/RoleBasedAccess.cs","RoleBasedAccess.cs",".cs","7819","Service/Manager/Engine","Business Layer","Preserved operational behavior for staged service, manager, engine, adapter, parser, or handler promotion.","True","False","True","True","1","EJLive.Core.Services","5","RoleBasedAccess;UserSession;LoginResult;UserRole;Permission","6","3"
"_coder01_source_study","Coder01/EJLive.Installer.WinForms/app.config","app.config",".config","524","Configuration/Data","Reference/Future Development","Original configuration or data artifact used to preserve runtime assumptions.","False","False","False","False","0","","0","","0","0"
"_coder01_source_study","Coder01/EJLive.Installer.WinForms/app.manifest","app.manifest",".manifest","872","Reference Artifact","Reference/Future Development","Reference artifact retained for future analysis.","False","False","False","False","0","","0","","0","0"
"_coder01_source_study","Coder01/EJLive.Installer.WinForms/EJLive.Installer.WinForms.csproj","EJLive.Installer.WinForms.csproj",".csproj","4172","CSharp Project","Project Structure","Original project file used for dependency and assembly mapping.","True","False","False","False","0","","0","","0","0"
"_coder01_source_study","Coder01/EJLive.Installer.WinForms/InstallerForm.cs","InstallerForm.cs",".cs","12999","WinForms UI","Presentation Layer","Preserved visual surface, form, dashboard, panel, or control for UI consolidation.","False","False","False","False","1","EJLive.Installer.WinForms","1","InstallerForm","16","10"
"_coder01_source_study","Coder01/EJLive.Installer.WinForms/InstallerForm.Designer.cs","InstallerForm.Designer.cs",".cs","16324","CSharp Source","Reference/Future Development","Preserved C# implementation requiring scenario comparison before promotion.","False","False","False","False","1","EJLive.Installer.WinForms","1","InstallerForm","1","0"
"_coder01_source_study","Coder01/EJLive.Installer.WinForms/packages.config","packages.config",".config","236","Configuration/Data","Reference/Future Development","Original configuration or data artifact used to preserve runtime assumptions.","False","False","False","False","0","","0","","0","0"
"_coder01_source_study","Coder01/EJLive.Installer.WinForms/Program.cs","Program.cs",".cs","349","CSharp Source","Reference/Future Development","Preserved C# implementation requiring scenario comparison before promotion.","False","False","False","False","1","EJLive.Installer.WinForms","1","Program","0","2"
"_coder01_source_study","Coder01/EJLive.Installer.WinForms/Properties/AssemblyInfo.cs","AssemblyInfo.cs",".cs","438","CSharp Source","Reference/Future Development","Preserved C# implementation requiring scenario comparison before promotion.","True","False","False","False","0","","0","","0","2"
"_coder01_source_study","Coder01/EJLive.Monitor/App.config","App.config",".config","1497","Configuration/Data","Reference/Future Development","Original configuration or data artifact used to preserve runtime assumptions.","False","False","False","False","0","","0","","0","0"
"_coder01_source_study","Coder01/EJLive.Monitor/EJLive.Monitor.csproj","EJLive.Monitor.csproj",".csproj","3390","CSharp Project","Project Structure","Original project file used for dependency and assembly mapping.","False","False","False","False","0","","0","","0","0"
"_coder01_source_study","Coder01/EJLive.Monitor/MonitoringDashboard.cs","MonitoringDashboard.cs",".cs","27470","WinForms UI","Presentation Layer","Preserved visual surface, form, dashboard, panel, or control for UI consolidation.","True","False","True","True","1","EJLive.Monitor","1","MonitoringDashboard","22","9"
"_coder01_source_study","Coder01/EJLive.Monitor/MonitoringDashboard.Designer.cs","MonitoringDashboard.Designer.cs",".cs","1058","CSharp Source","Reference/Future Development","Preserved C# implementation requiring scenario comparison before promotion.","False","False","True","True","1","EJLive.Monitor","1","MonitoringDashboard","1","0"
"_coder01_source_study","Coder01/EJLive.Monitor/packages.config","packages.config",".config","236","Configuration/Data","Reference/Future Development","Original configuration or data artifact used to preserve runtime assumptions.","False","False","False","False","0","","0","","0","0"
"_coder01_source_study","Coder01/EJLive.Monitor/Properties/AssemblyInfo.cs","AssemblyInfo.cs",".cs","448","CSharp Source","Reference/Future Development","Preserved C# implementation requiring scenario comparison before promotion.","True","False","True","True","0","","0","","0","2"
"_coder01_source_study","Coder01/EJLive.Monitoring.WinForms/app.config","app.config",".config","654","Configuration/Data","Reference/Future Development","Original configuration or data artifact used to preserve runtime assumptions.","False","False","False","False","0","","0","","0","0"
"_coder01_source_study","Coder01/EJLive.Monitoring.WinForms/EJLive.Monitoring.WinForms.csproj","EJLive.Monitoring.WinForms.csproj",".csproj","3881","CSharp Project","Project Structure","Original project file used for dependency and assembly mapping.","True","False","False","False","0","","0","","0","0"
"_coder01_source_study","Coder01/EJLive.Monitoring.WinForms/MainDashboardForm.cs","MainDashboardForm.cs",".cs","26706","WinForms UI","Presentation Layer","Preserved visual surface, form, dashboard, panel, or control for UI consolidation.","True","False","False","False","1","EJLive.Monitoring.WinForms","1","MainDashboardForm","32","18"
"_coder01_source_study","Coder01/EJLive.Monitoring.WinForms/MainDashboardForm.Designer.cs","MainDashboardForm.Designer.cs",".cs","22447","CSharp Source","Reference/Future Development","Preserved C# implementation requiring scenario comparison before promotion.","False","False","False","False","1","EJLive.Monitoring.WinForms","1","MainDashboardForm","1","0"
"_coder01_source_study","Coder01/EJLive.Monitoring.WinForms/packages.config","packages.config",".config","236","Configuration/Data","Reference/Future Development","Original configuration or data artifact used to preserve runtime assumptions.","False","False","False","False","0","","0","","0","0"
"_coder01_source_study","Coder01/EJLive.Monitoring.WinForms/Program.cs","Program.cs",".cs","354","CSharp Source","Reference/Future Development","Preserved C# implementation requiring scenario comparison before promotion.","False","False","False","False","1","EJLive.Monitoring.WinForms","1","Program","0","2"
"_coder01_source_study","Coder01/EJLive.Monitoring.WinForms/Properties/AssemblyInfo.cs","AssemblyInfo.cs",".cs","454","CSharp Source","Reference/Future Development","Preserved C# implementation requiring scenario comparison before promotion.","True","False","False","False","0","","0","","0","2"
"_coder01_source_study","Coder01/EJLive.Server.WinForms/app.config","app.config",".config","1101","Configuration/Data","Reference/Future Development","Original configuration or data artifact used to preserve runtime assumptions.","False","False","False","False","0","","0","","0","0"
"_coder01_source_study","Coder01/EJLive.Server.WinForms/ATMCardPanel.cs","ATMCardPanel.cs",".cs","7546","WinForms UI","Presentation Layer","Preserved visual surface, form, dashboard, panel, or control for UI consolidation.","True","False","False","False","1","EJLive.Server.WinForms","1","ATMCardPanel","4","7"
"_coder01_source_study","Coder01/EJLive.Server.WinForms/ATMDetailDrawerForm.cs","ATMDetailDrawerForm.cs",".cs","9863","WinForms UI","Presentation Layer","Preserved visual surface, form, dashboard, panel, or control for UI consolidation.","True","False","False","False","1","EJLive.Server.WinForms","1","ATMDetailDrawerForm","4","6"
"_coder01_source_study","Coder01/EJLive.Server.WinForms/ATMDetailDrawerForm.Designer.cs","ATMDetailDrawerForm.Designer.cs",".cs","870","CSharp Source","Reference/Future Development","Preserved C# implementation requiring scenario comparison before promotion.","True","False","True","True","1","EJLive.Server.WinForms","1","ATMDetailDrawerForm","1","0"
"_coder01_source_study","Coder01/EJLive.Server.WinForms/EJLive.Server.WinForms.csproj","EJLive.Server.WinForms.csproj",".csproj","4064","CSharp Project","Project Structure","Original project file used for dependency and assembly mapping.","False","False","False","False","0","","0","","0","0"
"_coder01_source_study","Coder01/EJLive.Server.WinForms/JournalViewerForm.cs","JournalViewerForm.cs",".cs","12632","WinForms UI","Presentation Layer","Preserved visual surface, form, dashboard, panel, or control for UI consolidation.","True","False","False","False","1","EJLive.Server.WinForms","1","JournalViewerForm","12","14"
"_coder01_source_study","Coder01/EJLive.Server.WinForms/JournalViewerForm.Designer.cs","JournalViewerForm.Designer.cs",".cs","868","CSharp Source","Reference/Future Development","Preserved C# implementation requiring scenario comparison before promotion.","True","False","True","True","1","EJLive.Server.WinForms","1","JournalViewerForm","1","0"
"_coder01_source_study","Coder01/EJLive.Server.WinForms/packages.config","packages.config",".config","236","Configuration/Data","Reference/Future Development","Original configuration or data artifact used to preserve runtime assumptions.","False","False","False","False","0","","0","","0","0"
"_coder01_source_study","Coder01/EJLive.Server.WinForms/Program.cs","Program.cs",".cs","347","CSharp Source","Reference/Future Development","Preserved C# implementation requiring scenario comparison before promotion.","False","False","False","False","1","EJLive.Server.WinForms","1","Program","0","2"
"_coder01_source_study","Coder01/EJLive.Server.WinForms/Properties/AssemblyInfo.cs","AssemblyInfo.cs",".cs","472","CSharp Source","Reference/Future Development","Preserved C# implementation requiring scenario comparison before promotion.","True","False","False","False","0","","0","","0","2"
"_coder01_source_study","Coder01/EJLive.Server.WinForms/ServerMainForm.cs","ServerMainForm.cs",".cs","69362","WinForms UI","Presentation Layer","Preserved visual surface, form, dashboard, panel, or control for UI consolidation.","True","False","False","False","1","EJLive.Server.WinForms","1","ServerMainForm","79","18"
"_coder01_source_study","Coder01/EJLive.Server.WinForms/ServerMainForm.Designer.cs","ServerMainForm.Designer.cs",".cs","24322","CSharp Source","Reference/Future Development","Preserved C# implementation requiring scenario comparison before promotion.","False","False","False","False","1","EJLive.Server.WinForms","1","ServerMainForm","1","0"
"_coder01_source_study","Coder01/EJLive.Server.WinForms/Services/ArchiveManager.cs","ArchiveManager.cs",".cs","9706","Service/Manager/Engine","Business Layer","Preserved operational behavior for staged service, manager, engine, adapter, parser, or handler promotion.","True","False","False","False","1","EJLive.Server.WinForms.Services","1","ArchiveManager","8","9"
"_coder01_source_study","Coder01/EJLive.Server.WinForms/Services/EJServer.cs","EJServer.cs",".cs","8334","Service/Manager/Engine","Business Layer","Preserved operational behavior for staged service, manager, engine, adapter, parser, or handler promotion.","True","False","False","False","1","EJLive.Server.WinForms.Services","1","EJServerService","13","9"
"_coder01_source_study","Coder01/EJLive.Server.WinForms/Services/EJServerService.cs","EJServerService.cs",".cs","173","Service/Manager/Engine","Business Layer","Preserved operational behavior for staged service, manager, engine, adapter, parser, or handler promotion.","False","False","True","True","1","EJLive.Server.WinForms.Services","1","definitions","0","0"
"_coder01_source_study","Coder01/EJLive.Server/ServerMainForm.cs","ServerMainForm.cs",".cs","45010","WinForms UI","Presentation Layer","Preserved visual surface, form, dashboard, panel, or control for UI consolidation.","True","False","True","False","1","EJLive.Server","3","ServerMainForm;ATMCardStatus;ATMCardPanel","35","15"
"_coder01_source_study","Coder01/EJLive.Server/Services/JournalAnalyticsService.cs","JournalAnalyticsService.cs",".cs","10590","Service/Manager/Engine","Business Layer","Preserved operational behavior for staged service, manager, engine, adapter, parser, or handler promotion.","False","False","True","False","1","EJLive.Server.Services","3","JournalAnalyticsService;ATMJournalStats;JournalRecord","11","7"
"_coder01_source_study","Coder01/EJLive.Server/Services/RemoteControlService.cs","RemoteControlService.cs",".cs","9826","Service/Manager/Engine","Business Layer","Preserved operational behavior for staged service, manager, engine, adapter, parser, or handler promotion.","True","False","True","False","1","EJLive.Server.Services","3","RemoteControlService;CommandRecord;ScheduledCommand","17","6"
"_coder01_source_study","Coder01/EJLive.Setup/SetupWizardForm.cs","SetupWizardForm.cs",".cs","13598","WinForms UI","Presentation Layer","Preserved visual surface, form, dashboard, panel, or control for UI consolidation.","False","False","True","False","1","EJLive.Setup","1","SetupWizardForm","9","5"
"_coder01_source_study","Coder01/EJLive.Shared/App.config","App.config",".config","1497","Configuration/Data","Data/Core Layer","Original configuration or data artifact used to preserve runtime assumptions.","False","False","False","False","0","","0","","0","0"
"_coder01_source_study","Coder01/EJLive.Shared/DateTimeHelper.cs","DateTimeHelper.cs",".cs","2207","CSharp Source","Data/Core Layer","Preserved C# implementation requiring scenario comparison before promotion.","True","False","False","False","1","EJLive.Shared","1","DateTimeHelper","9","1"
"_coder01_source_study","Coder01/EJLive.Shared/EJLive.Shared.csproj","EJLive.Shared.csproj",".csproj","2511","CSharp Project","Data/Core Layer","Original project file used for dependency and assembly mapping.","False","False","False","False","0","","0","","0","0"
"_coder01_source_study","Coder01/EJLive.Shared/LightUiTheme.cs","LightUiTheme.cs",".cs","10275","WinForms UI","Presentation Layer","Preserved visual surface, form, dashboard, panel, or control for UI consolidation.","False","False","False","False","1","EJLive.Shared","1","LightUiTheme","12","3"
"_coder01_source_study","Coder01/EJLive.Shared/Logger.cs","Logger.cs",".cs","5607","CSharp Source","Data/Core Layer","Preserved C# implementation requiring scenario comparison before promotion.","True","False","True","True","1","EJLive.Shared","3","AppLogger;Level;LogEntry","14","5"
"_coder01_source_study","Coder01/EJLive.Shared/packages.config","packages.config",".config","586","Configuration/Data","Data/Core Layer","Original configuration or data artifact used to preserve runtime assumptions.","False","False","False","False","0","","0","","0","0"
"_coder01_source_study","Coder01/EJLive.Shared/Properties/AssemblyInfo.cs","AssemblyInfo.cs",".cs","481","CSharp Source","Data/Core Layer","Preserved C# implementation requiring scenario comparison before promotion.","True","False","False","False","0","","0","","0","2"
"_coder01_source_study","Coder01/EJLive.Shared/RetryPolicy.cs","RetryPolicy.cs",".cs","3549","CSharp Source","Data/Core Layer","Preserved C# implementation requiring scenario comparison before promotion.","True","False","False","False","1","EJLive.Shared","1","RetryPolicy","2","1"
"_coder01_source_study","Coder01/EJLive.Shared/SecurityHelper.cs","SecurityHelper.cs",".cs","12104","Data/Core Source","Data/Core Layer","Preserved core model, protocol, constant, data, or utility behavior.","True","False","False","False","1","EJLive.Shared","1","SecurityHelper","27","25"
"_coder01_source_study","Coder01/EJLive.sln","EJLive.sln",".sln","4163","Solution","Project Structure","Original solution file used for project graph comparison.","False","True","False","False","0","","0","","0","0"
"_coder01_source_study","Coder01/FINAL_BUILD_REPORT.txt","FINAL_BUILD_REPORT.txt",".txt","17203","Documentation/Requirements","Reference/Future Development","Original documentation, requirements, analysis, or spreadsheet evidence.","True","True","False","False","0","","0","","0","0"
"_coder01_source_study","Coder01/FIX_AND_BUILD.bat","FIX_AND_BUILD.bat",".bat","1780","Build/Tool Script","Reference/Future Development","Original build or maintenance script retained as reference.","False","True","False","False","0","","0","","0","0"
"_coder01_source_study","Coder01/FIX_NUGET_NOW.md","FIX_NUGET_NOW.md",".md","2011","Documentation/Requirements","Reference/Future Development","Original documentation, requirements, analysis, or spreadsheet evidence.","True","True","False","False","0","","0","","0","0"
"_coder01_source_study","Coder01/GETTING_STARTED.md","GETTING_STARTED.md",".md","4718","Documentation/Requirements","Reference/Future Development","Original documentation, requirements, analysis, or spreadsheet evidence.","False","True","False","False","0","","0","","0","0"
"_coder01_source_study","Coder01/IMPLEMENTATION_SUMMARY_AR.md","IMPLEMENTATION_SUMMARY_AR.md",".md","4394","Documentation/Requirements","Reference/Future Development","Original documentation, requirements, analysis, or spreadsheet evidence.","True","True","False","False","0","","0","","0","0"
"_coder01_source_study","Coder01/INSTALL_NUGET_CONSOLE.txt","INSTALL_NUGET_CONSOLE.txt",".txt","3695","Documentation/Requirements","Reference/Future Development","Original documentation, requirements, analysis, or spreadsheet evidence.","True","True","False","False","0","","0","","0","0"
"_coder01_source_study","Coder01/INSTRUCTIONS_AR.txt","INSTRUCTIONS_AR.txt",".txt","4404","Documentation/Requirements","Reference/Future Development","Original documentation, requirements, analysis, or spreadsheet evidence.","True","True","False","False","0","","0","","0","0"
"_coder01_source_study","Coder01/MERGE_ANALYSIS.md","MERGE_ANALYSIS.md",".md","2513","Documentation/Requirements","Reference/Future Development","Original documentation, requirements, analysis, or spreadsheet evidence.","False","True","False","False","0","","0","","0","0"
"_coder01_source_study","Coder01/new_features_analysis.md","new_features_analysis.md",".md","6557","Documentation/Requirements","Reference/Future Development","Original documentation, requirements, analysis, or spreadsheet evidence.","True","True","False","False","0","","0","","0","0"
"_coder01_source_study","Coder01/NuGet.Config","NuGet.Config",".config","332","Configuration/Data","Reference/Future Development","Original configuration or data artifact used to preserve runtime assumptions.","False","True","False","False","0","","0","","0","0"
"_coder01_source_study","Coder01/OPEN_IN_VS.bat","OPEN_IN_VS.bat",".bat","1116","Build/Tool Script","Reference/Future Development","Original build or maintenance script retained as reference.","False","True","False","False","0","","0","","0","0"
"_coder01_source_study","Coder01/Package.bat","Package.bat",".bat","4480","Build/Tool Script","Reference/Future Development","Original build or maintenance script retained as reference.","False","True","False","False","0","","0","","0","0"
"_coder01_source_study","Coder01/PROJECT_DOCUMENTATION.md","PROJECT_DOCUMENTATION.md",".md","13767","Documentation/Requirements","Reference/Future Development","Original documentation, requirements, analysis, or spreadsheet evidence.","True","True","False","False","0","","0","","0","0"
"_coder01_source_study","Coder01/QUICK_FIX_NUGET.txt","QUICK_FIX_NUGET.txt",".txt","4122","Documentation/Requirements","Reference/Future Development","Original documentation, requirements, analysis, or spreadsheet evidence.","False","True","False","False","0","","0","","0","0"
"_coder01_source_study","Coder01/QUICK_START.bat","QUICK_START.bat",".bat","1964","Build/Tool Script","Reference/Future Development","Original build or maintenance script retained as reference.","False","True","False","False","0","","0","","0","0"
"_coder01_source_study","Coder01/README_BUILD_INSTRUCTIONS.md","README_BUILD_INSTRUCTIONS.md",".md","5487","Documentation/Requirements","Reference/Future Development","Original documentation, requirements, analysis, or spreadsheet evidence.","False","True","False","False","0","","0","","0","0"
"_coder01_source_study","Coder01/README.md","README.md",".md","3546","Documentation/Requirements","Reference/Future Development","Original documentation, requirements, analysis, or spreadsheet evidence.","True","False","False","False","0","","0","","0","0"
"_coder01_source_study","Coder01/RESTORE_NUGET_PACKAGES.bat","RESTORE_NUGET_PACKAGES.bat",".bat","1821","Build/Tool Script","Reference/Future Development","Original build or maintenance script retained as reference.","False","True","False","False","0","","0","","0","0"
"_coder01_source_study","Coder01/RESTORE_NUGET.bat","RESTORE_NUGET.bat",".bat","2023","Build/Tool Script","Reference/Future Development","Original build or maintenance script retained as reference.","False","True","False","False","0","","0","","0","0"
"_coder01_source_study","Coder01/RUN_DIRECTLY.md","RUN_DIRECTLY.md",".md","3470","Documentation/Requirements","Reference/Future Development","Original documentation, requirements, analysis, or spreadsheet evidence.","True","True","False","False","0","","0","","0","0"
"_coder01_source_study","Coder01/RUN_THESE_COMMANDS.txt","RUN_THESE_COMMANDS.txt",".txt","3474","Documentation/Requirements","Reference/Future Development","Original documentation, requirements, analysis, or spreadsheet evidence.","True","True","False","False","0","","0","","0","0"
"_coder01_source_study","Coder01/SIMPLE_BUILD.bat","SIMPLE_BUILD.bat",".bat","2411","Build/Tool Script","Reference/Future Development","Original build or maintenance script retained as reference.","False","True","False","False","0","","0","","0","0"
"_coder01_source_study","Coder01/START_APPLICATIONS.bat","START_APPLICATIONS.bat",".bat","2904","Build/Tool Script","Reference/Future Development","Original build or maintenance script retained as reference.","False","True","False","False","0","","0","","0","0"
"_coder01_source_study","Coder01/START_HERE.txt","START_HERE.txt",".txt","8090","Documentation/Requirements","Reference/Future Development","Original documentation, requirements, analysis, or spreadsheet evidence.","True","True","False","False","0","","0","","0","0"
"_coder01_source_study","Coder01/SYSTEM_ANALYSIS.md","SYSTEM_ANALYSIS.md",".md","9667","Documentation/Requirements","Reference/Future Development","Original documentation, requirements, analysis, or spreadsheet evidence.","True","True","False","False","0","","0","","0","0"
"_coder01_source_study","Coder01/TROUBLESHOOT_VS.md","TROUBLESHOOT_VS.md",".md","5660","Documentation/Requirements","Reference/Future Development","Original documentation, requirements, analysis, or spreadsheet evidence.","True","True","False","False","0","","0","","0","0"
"_coder01_source_study","Coder01/VISUAL_STUDIO_BUILD.md","VISUAL_STUDIO_BUILD.md",".md","4256","Documentation/Requirements","Reference/Future Development","Original documentation, requirements, analysis, or spreadsheet evidence.","True","True","False","False","0","","0","","0","0"
