"RelativePath","OwnershipProject","ItemMode","RuntimeFunction","FutureIntegrationStatus"
"docs/01-source-analysis.md","EJLive.LegacyReference","LinkedDocumentation","Architecture, merge, verification, or linkage documentation","Maintained documentation asset"
"docs/02-architecture-map.md","EJLive.LegacyReference","LinkedDocumentation","Architecture, merge, verification, or linkage documentation","Maintained documentation asset"
"docs/03-merge-notes.md","EJLive.LegacyReference","LinkedDocumentation","Architecture, merge, verification, or linkage documentation","Maintained documentation asset"
"docs/04-verification-checklist.md","EJLive.LegacyReference","LinkedDocumentation","Architecture, merge, verification, or linkage documentation","Maintained documentation asset"
"docs/05-attached-package-study.md","EJLive.LegacyReference","LinkedDocumentation","Architecture, merge, verification, or linkage documentation","Maintained documentation asset"
"docs/06-coder01-study.md","EJLive.LegacyReference","LinkedDocumentation","Architecture, merge, verification, or linkage documentation","Maintained documentation asset"
"docs/07-final-system-audit.md","EJLive.LegacyReference","LinkedDocumentation","Architecture, merge, verification, or linkage documentation","Maintained documentation asset"
"docs/08-file-linkage-map.md","EJLive.LegacyReference","LinkedDocumentation","Architecture, merge, verification, or linkage documentation","Maintained documentation asset"
"docs/09-file-function-inventory.csv","EJLive.LegacyReference","LinkedDocumentation","Architecture, merge, verification, or linkage documentation","Maintained documentation asset"
"docs/MEMORY.md","EJLive.LegacyReference","LinkedDocumentation","Architecture, merge, verification, or linkage documentation","Maintained documentation asset"
"EJLive.Unified.sln","EJLive.LegacyReference","LinkedRootArtifact","Visual Studio solution entry point","Root solution/package artifact"
"EJLive.Unified.slnx","EJLive.LegacyReference","LinkedRootArtifact","Visual Studio solution entry point","Root solution/package artifact"
"legacy/original/_rels/.rels","EJLive.LegacyReference","LinkedOriginalReference","Verbatim preserved original source/reference package","Preserved verbatim for traceability and future selective merge"
"legacy/original/AUTOMATED_BUILD_HELPER.ps1","EJLive.LegacyReference","LinkedOriginalReference","Verbatim preserved original source/reference package","Preserved verbatim for traceability and future selective merge"
"legacy/original/Build.bat","EJLive.LegacyReference","LinkedOriginalReference","Verbatim preserved original source/reference package","Preserved verbatim for traceability and future selective merge"
"legacy/original/BUILD_NO_MSBUILD.ps1","EJLive.LegacyReference","LinkedOriginalReference","Verbatim preserved original source/reference package","Preserved verbatim for traceability and future selective merge"
"legacy/original/CHECK_ENVIRONMENT.bat","EJLive.LegacyReference","LinkedOriginalReference","Verbatim preserved original source/reference package","Preserved verbatim for traceability and future selective merge"
"legacy/original/Directory.Build.targets","EJLive.LegacyReference","LinkedOriginalReference","Verbatim preserved original source/reference package","Preserved verbatim for traceability and future selective merge"
"legacy/original/EJLive.Client.WinForms/app.config","EJLive.LegacyReference","LinkedOriginalReference","Verbatim preserved original source/reference package","Preserved verbatim for traceability and future selective merge"
"legacy/original/EJLive.Client.WinForms/ClientMainForm.cs","EJLive.LegacyReference","LinkedOriginalReference","Verbatim preserved original source/reference package","Preserved verbatim for traceability and future selective merge"
"legacy/original/EJLive.Client.WinForms/ClientMainForm.cs.bak","EJLive.LegacyReference","LinkedOriginalReference","Verbatim preserved original source/reference package","Preserved verbatim for traceability and future selective merge"
"legacy/original/EJLive.Client.WinForms/ClientMainForm.Designer.cs","EJLive.LegacyReference","LinkedOriginalReference","Verbatim preserved original source/reference package","Preserved verbatim for traceability and future selective merge"
"legacy/original/EJLive.Client.WinForms/ClientMainForm.resx","EJLive.LegacyReference","LinkedOriginalReference","Verbatim preserved original source/reference package","Preserved verbatim for traceability and future selective merge"
"legacy/original/EJLive.Client.WinForms/Controls/ATMCardControl.cs","EJLive.LegacyReference","LinkedOriginalReference","Verbatim preserved original source/reference package","Preserved verbatim for traceability and future selective merge"
"legacy/original/EJLive.Client.WinForms/Controls/DarkButton.cs","EJLive.LegacyReference","LinkedOriginalReference","Verbatim preserved original source/reference package","Preserved verbatim for traceability and future selective merge"
"legacy/original/EJLive.Client.WinForms/Controls/StatusCard.cs","EJLive.LegacyReference","LinkedOriginalReference","Verbatim preserved original source/reference package","Preserved verbatim for traceability and future selective merge"
"legacy/original/EJLive.Client.WinForms/Controls/ThemeColors.cs","EJLive.LegacyReference","LinkedOriginalReference","Verbatim preserved original source/reference package","Preserved verbatim for traceability and future selective merge"
"legacy/original/EJLive.Client.WinForms/Controls/ToastNotification.cs","EJLive.LegacyReference","LinkedOriginalReference","Verbatim preserved original source/reference package","Preserved verbatim for traceability and future selective merge"
"legacy/original/EJLive.Client.WinForms/EJLive.Client.WinForms.csproj","EJLive.LegacyReference","LinkedOriginalReference","Verbatim preserved original source/reference package","Preserved verbatim for traceability and future selective merge"
"legacy/original/EJLive.Client.WinForms/packages.config","EJLive.LegacyReference","LinkedOriginalReference","Verbatim preserved original source/reference package","Preserved verbatim for traceability and future selective merge"
"legacy/original/EJLive.Client.WinForms/Program.cs","EJLive.LegacyReference","LinkedOriginalReference","Verbatim preserved original source/reference package","Preserved verbatim for traceability and future selective merge"
"legacy/original/EJLive.Client.WinForms/Properties/AssemblyInfo.cs","EJLive.LegacyReference","LinkedOriginalReference","Verbatim preserved original source/reference package","Preserved verbatim for traceability and future selective merge"
"legacy/original/EJLive.Client.WinForms/Properties/Resources.Designer.cs","EJLive.LegacyReference","LinkedOriginalReference","Verbatim preserved original source/reference package","Preserved verbatim for traceability and future selective merge"
"legacy/original/EJLive.Client.WinForms/Properties/Resources.resx","EJLive.LegacyReference","LinkedOriginalReference","Verbatim preserved original source/reference package","Preserved verbatim for traceability and future selective merge"
"legacy/original/EJLive.Client.WinForms/Services/AdvancedJournalProcessor.cs","EJLive.LegacyReference","LinkedOriginalReference","Verbatim preserved original source/reference package","Preserved verbatim for traceability and future selective merge"
"legacy/original/EJLive.Client.WinForms/Services/AdvancedNetworkManager.cs","EJLive.LegacyReference","LinkedOriginalReference","Verbatim preserved original source/reference package","Preserved verbatim for traceability and future selective merge"
"legacy/original/EJLive.Client.WinForms/Services/AdvancedRemoteCommandHandler.cs","EJLive.LegacyReference","LinkedOriginalReference","Verbatim preserved original source/reference package","Preserved verbatim for traceability and future selective merge"
"legacy/original/EJLive.Client.WinForms/Services/CashTelemetryService.cs","EJLive.LegacyReference","LinkedOriginalReference","Verbatim preserved original source/reference package","Preserved verbatim for traceability and future selective merge"
"legacy/original/EJLive.Client.WinForms/Services/ClientConstants.cs","EJLive.LegacyReference","LinkedOriginalReference","Verbatim preserved original source/reference package","Preserved verbatim for traceability and future selective merge"
"legacy/original/EJLive.Client.WinForms/Services/JournalProcessor.cs","EJLive.LegacyReference","LinkedOriginalReference","Verbatim preserved original source/reference package","Preserved verbatim for traceability and future selective merge"
"legacy/original/EJLive.Client.WinForms/Services/JournalSyncAgent.cs","EJLive.LegacyReference","LinkedOriginalReference","Verbatim preserved original source/reference package","Preserved verbatim for traceability and future selective merge"
"legacy/original/EJLive.Client.WinForms/Services/NetworkEngine.cs","EJLive.LegacyReference","LinkedOriginalReference","Verbatim preserved original source/reference package","Preserved verbatim for traceability and future selective merge"
"legacy/original/EJLive.Client.WinForms/Services/NetworkManager.cs","EJLive.LegacyReference","LinkedOriginalReference","Verbatim preserved original source/reference package","Preserved verbatim for traceability and future selective merge"
"legacy/original/EJLive.Client.WinForms/Services/RemoteCommandHandler.cs","EJLive.LegacyReference","LinkedOriginalReference","Verbatim preserved original source/reference package","Preserved verbatim for traceability and future selective merge"
"legacy/original/EJLive.Client.WinForms/Services/WindowsRemoteAccessService.cs","EJLive.LegacyReference","LinkedOriginalReference","Verbatim preserved original source/reference package","Preserved verbatim for traceability and future selective merge"
"legacy/original/EJLive.Client.WinForms/Services/WindowsStartupService.cs","EJLive.LegacyReference","LinkedOriginalReference","Verbatim preserved original source/reference package","Preserved verbatim for traceability and future selective merge"
"legacy/original/EJLive.Core/App.config","EJLive.LegacyReference","LinkedOriginalReference","Verbatim preserved original source/reference package","Preserved verbatim for traceability and future selective merge"
"legacy/original/EJLive.Core/Compatibility/StringCompatibilityExtensions.cs","EJLive.LegacyReference","LinkedOriginalReference","Verbatim preserved original source/reference package","Preserved verbatim for traceability and future selective merge"
"legacy/original/EJLive.Core/Constants.cs","EJLive.LegacyReference","LinkedOriginalReference","Verbatim preserved original source/reference package","Preserved verbatim for traceability and future selective merge"
"legacy/original/EJLive.Core/EJLive.Core.csproj","EJLive.LegacyReference","LinkedOriginalReference","Verbatim preserved original source/reference package","Preserved verbatim for traceability and future selective merge"
"legacy/original/EJLive.Core/Engine/CommunicationProtocol.cs","EJLive.LegacyReference","LinkedOriginalReference","Verbatim preserved original source/reference package","Preserved verbatim for traceability and future selective merge"
"legacy/original/EJLive.Core/Engine/FileWatcherEngine.cs","EJLive.LegacyReference","LinkedOriginalReference","Verbatim preserved original source/reference package","Preserved verbatim for traceability and future selective merge"
"legacy/original/EJLive.Core/Engine/FleetPredictionEngine.cs","EJLive.LegacyReference","LinkedOriginalReference","Verbatim preserved original source/reference package","Preserved verbatim for traceability and future selective merge"
"legacy/original/EJLive.Core/Engine/GhostRemoteEngine.cs","EJLive.LegacyReference","LinkedOriginalReference","Verbatim preserved original source/reference package","Preserved verbatim for traceability and future selective merge"
"legacy/original/EJLive.Core/Engine/ImageSyncEngine.cs","EJLive.LegacyReference","LinkedOriginalReference","Verbatim preserved original source/reference package","Preserved verbatim for traceability and future selective merge"
"legacy/original/EJLive.Core/Engine/JournalOutbox.cs","EJLive.LegacyReference","LinkedOriginalReference","Verbatim preserved original source/reference package","Preserved verbatim for traceability and future selective merge"
"legacy/original/EJLive.Core/Engine/JournalSyncTracker.cs","EJLive.LegacyReference","LinkedOriginalReference","Verbatim preserved original source/reference package","Preserved verbatim for traceability and future selective merge"
"legacy/original/EJLive.Core/Engine/NetworkEngine.cs","EJLive.LegacyReference","LinkedOriginalReference","Verbatim preserved original source/reference package","Preserved verbatim for traceability and future selective merge"
"legacy/original/EJLive.Core/Engine/Protocol.cs","EJLive.LegacyReference","LinkedOriginalReference","Verbatim preserved original source/reference package","Preserved verbatim for traceability and future selective merge"
"legacy/original/EJLive.Core/Engine/ReportExportEngine.cs","EJLive.LegacyReference","LinkedOriginalReference","Verbatim preserved original source/reference package","Preserved verbatim for traceability and future selective merge"
"legacy/original/EJLive.Core/Engine/ServerEngine.cs","EJLive.LegacyReference","LinkedOriginalReference","Verbatim preserved original source/reference package","Preserved verbatim for traceability and future selective merge"
"legacy/original/EJLive.Core/Engine/TransactionAnalysisEngine.cs","EJLive.LegacyReference","LinkedOriginalReference","Verbatim preserved original source/reference package","Preserved verbatim for traceability and future selective merge"
"legacy/original/EJLive.Core/Models/AnalysisRuntimeModels.cs","EJLive.LegacyReference","LinkedOriginalReference","Verbatim preserved original source/reference package","Preserved verbatim for traceability and future selective merge"
"legacy/original/EJLive.Core/Models/ATMInfo.cs","EJLive.LegacyReference","LinkedOriginalReference","Verbatim preserved original source/reference package","Preserved verbatim for traceability and future selective merge"
"legacy/original/EJLive.Core/Models/CompatibilityModels.cs","EJLive.LegacyReference","LinkedOriginalReference","Verbatim preserved original source/reference package","Preserved verbatim for traceability and future selective merge"
"legacy/original/EJLive.Core/Models/JournalSyncModels.cs","EJLive.LegacyReference","LinkedOriginalReference","Verbatim preserved original source/reference package","Preserved verbatim for traceability and future selective merge"
"legacy/original/EJLive.Core/Models/MergedTraceModels.cs","EJLive.LegacyReference","LinkedOriginalReference","Verbatim preserved original source/reference package","Preserved verbatim for traceability and future selective merge"
"legacy/original/EJLive.Core/Models/NcrCapabilityModels.cs","EJLive.LegacyReference","LinkedOriginalReference","Verbatim preserved original source/reference package","Preserved verbatim for traceability and future selective merge"
"legacy/original/EJLive.Core/Models/NcrConfigCapabilityModels.cs","EJLive.LegacyReference","LinkedOriginalReference","Verbatim preserved original source/reference package","Preserved verbatim for traceability and future selective merge"
"legacy/original/EJLive.Core/Models/NcrConfigModels.cs","EJLive.LegacyReference","LinkedOriginalReference","Verbatim preserved original source/reference package","Preserved verbatim for traceability and future selective merge"
"legacy/original/EJLive.Core/Models/NcrConfigProfileModels.cs","EJLive.LegacyReference","LinkedOriginalReference","Verbatim preserved original source/reference package","Preserved verbatim for traceability and future selective merge"
"legacy/original/EJLive.Core/Models/NcrConfigurationModels.cs","EJLive.LegacyReference","LinkedOriginalReference","Verbatim preserved original source/reference package","Preserved verbatim for traceability and future selective merge"
"legacy/original/EJLive.Core/Models/OperationalContracts.cs","EJLive.LegacyReference","LinkedOriginalReference","Verbatim preserved original source/reference package","Preserved verbatim for traceability and future selective merge"
"legacy/original/EJLive.Core/Models/TransactionModels.cs","EJLive.LegacyReference","LinkedOriginalReference","Verbatim preserved original source/reference package","Preserved verbatim for traceability and future selective merge"
"legacy/original/EJLive.Core/Models/VendorRootProfileModels.cs","EJLive.LegacyReference","LinkedOriginalReference","Verbatim preserved original source/reference package","Preserved verbatim for traceability and future selective merge"
"legacy/original/EJLive.Core/packages.config","EJLive.LegacyReference","LinkedOriginalReference","Verbatim preserved original source/reference package","Preserved verbatim for traceability and future selective merge"
"legacy/original/EJLive.Core/Properties/AssemblyInfo.cs","EJLive.LegacyReference","LinkedOriginalReference","Verbatim preserved original source/reference package","Preserved verbatim for traceability and future selective merge"
"legacy/original/EJLive.Core/Services/AgentConfigurationXmlService.cs","EJLive.LegacyReference","LinkedOriginalReference","Verbatim preserved original source/reference package","Preserved verbatim for traceability and future selective merge"
"legacy/original/EJLive.Core/Services/AlertManager.cs","EJLive.LegacyReference","LinkedOriginalReference","Verbatim preserved original source/reference package","Preserved verbatim for traceability and future selective merge"
"legacy/original/EJLive.Core/Services/AuditLogger.cs","EJLive.LegacyReference","LinkedOriginalReference","Verbatim preserved original source/reference package","Preserved verbatim for traceability and future selective merge"
"legacy/original/EJLive.Core/Services/DatabaseManager.cs","EJLive.LegacyReference","LinkedOriginalReference","Verbatim preserved original source/reference package","Preserved verbatim for traceability and future selective merge"
"legacy/original/EJLive.Core/Services/JournalSyncAlertService.cs","EJLive.LegacyReference","LinkedOriginalReference","Verbatim preserved original source/reference package","Preserved verbatim for traceability and future selective merge"
"legacy/original/EJLive.Core/Services/JournalSyncDashboardService.cs","EJLive.LegacyReference","LinkedOriginalReference","Verbatim preserved original source/reference package","Preserved verbatim for traceability and future selective merge"
"legacy/original/EJLive.Core/Services/JournalSyncMonitorService.cs","EJLive.LegacyReference","LinkedOriginalReference","Verbatim preserved original source/reference package","Preserved verbatim for traceability and future selective merge"
"legacy/original/EJLive.Core/Services/JournalSyncService.cs","EJLive.LegacyReference","LinkedOriginalReference","Verbatim preserved original source/reference package","Preserved verbatim for traceability and future selective merge"
"legacy/original/EJLive.Core/Services/JournalSyncStateService.cs","EJLive.LegacyReference","LinkedOriginalReference","Verbatim preserved original source/reference package","Preserved verbatim for traceability and future selective merge"
"legacy/original/EJLive.Core/Services/JournalSyncStateStore.cs","EJLive.LegacyReference","LinkedOriginalReference","Verbatim preserved original source/reference package","Preserved verbatim for traceability and future selective merge"
"legacy/original/EJLive.Core/Services/JournalSyncTracker.cs","EJLive.LegacyReference","LinkedOriginalReference","Verbatim preserved original source/reference package","Preserved verbatim for traceability and future selective merge"
"legacy/original/EJLive.Core/Services/JournalSyncTrackerService.cs","EJLive.LegacyReference","LinkedOriginalReference","Verbatim preserved original source/reference package","Preserved verbatim for traceability and future selective merge"
"legacy/original/EJLive.Core/Services/JournalSyncTrackingService.cs","EJLive.LegacyReference","LinkedOriginalReference","Verbatim preserved original source/reference package","Preserved verbatim for traceability and future selective merge"
"legacy/original/EJLive.Core/Services/MergedTraceCorrelationService.cs","EJLive.LegacyReference","LinkedOriginalReference","Verbatim preserved original source/reference package","Preserved verbatim for traceability and future selective merge"
"legacy/original/EJLive.Core/Services/NcrConfigCapabilityParser.cs","EJLive.LegacyReference","LinkedOriginalReference","Verbatim preserved original source/reference package","Preserved verbatim for traceability and future selective merge"
"legacy/original/EJLive.Core/Services/NcrConfigurationCapabilityParser.cs","EJLive.LegacyReference","LinkedOriginalReference","Verbatim preserved original source/reference package","Preserved verbatim for traceability and future selective merge"
"legacy/original/EJLive.Core/Services/NcrReferenceCapabilityFactory.cs","EJLive.LegacyReference","LinkedOriginalReference","Verbatim preserved original source/reference package","Preserved verbatim for traceability and future selective merge"
"legacy/original/EJLive.Core/Services/OperationalStateStore.cs","EJLive.LegacyReference","LinkedOriginalReference","Verbatim preserved original source/reference package","Preserved verbatim for traceability and future selective merge"
"legacy/original/EJLive.Core/Services/RoleBasedAccess.cs","EJLive.LegacyReference","LinkedOriginalReference","Verbatim preserved original source/reference package","Preserved verbatim for traceability and future selective merge"
"legacy/original/EJLive.Core/Services/VendorRootCapabilityService.cs","EJLive.LegacyReference","LinkedOriginalReference","Verbatim preserved original source/reference package","Preserved verbatim for traceability and future selective merge"
"legacy/original/EJLive.Core/Services/VendorRootProfileCatalogService.cs","EJLive.LegacyReference","LinkedOriginalReference","Verbatim preserved original source/reference package","Preserved verbatim for traceability and future selective merge"
"legacy/original/EJLive.Core/Services/XfsLogAnalysisService.cs","EJLive.LegacyReference","LinkedOriginalReference","Verbatim preserved original source/reference package","Preserved verbatim for traceability and future selective merge"
"legacy/original/EJLive.Core/Sync/JournalSyncModels.cs","EJLive.LegacyReference","LinkedOriginalReference","Verbatim preserved original source/reference package","Preserved verbatim for traceability and future selective merge"
"legacy/original/EJLive.Core/Xfs/Adapters/CardReaderTraceAdapter.cs","EJLive.LegacyReference","LinkedOriginalReference","Verbatim preserved original source/reference package","Preserved verbatim for traceability and future selective merge"
"legacy/original/EJLive.Core/Xfs/Adapters/DebugTraceAdapter.cs","EJLive.LegacyReference","LinkedOriginalReference","Verbatim preserved original source/reference package","Preserved verbatim for traceability and future selective merge"
"legacy/original/EJLive.Core/Xfs/Adapters/DieboldMdsAdapter.cs","EJLive.LegacyReference","LinkedOriginalReference","Verbatim preserved original source/reference package","Preserved verbatim for traceability and future selective merge"
"legacy/original/EJLive.Core/Xfs/Adapters/GrgJournalAdapter.cs","EJLive.LegacyReference","LinkedOriginalReference","Verbatim preserved original source/reference package","Preserved verbatim for traceability and future selective merge"
"legacy/original/EJLive.Core/Xfs/Adapters/GrgXfsAdapter.cs","EJLive.LegacyReference","LinkedOriginalReference","Verbatim preserved original source/reference package","Preserved verbatim for traceability and future selective merge"
"legacy/original/EJLive.Core/Xfs/Adapters/HostMessageInAdapter.cs","EJLive.LegacyReference","LinkedOriginalReference","Verbatim preserved original source/reference package","Preserved verbatim for traceability and future selective merge"
"legacy/original/EJLive.Core/Xfs/Adapters/HostMessageOutAdapter.cs","EJLive.LegacyReference","LinkedOriginalReference","Verbatim preserved original source/reference package","Preserved verbatim for traceability and future selective merge"
"legacy/original/EJLive.Core/Xfs/Adapters/IXfsVendorAdapter.cs","EJLive.LegacyReference","LinkedOriginalReference","Verbatim preserved original source/reference package","Preserved verbatim for traceability and future selective merge"
"legacy/original/EJLive.Core/Xfs/Adapters/NcrCardReaderTraceAdapter.cs","EJLive.LegacyReference","LinkedOriginalReference","Verbatim preserved original source/reference package","Preserved verbatim for traceability and future selective merge"
"legacy/original/EJLive.Core/Xfs/Adapters/NcrDebugTraceAdapter.cs","EJLive.LegacyReference","LinkedOriginalReference","Verbatim preserved original source/reference package","Preserved verbatim for traceability and future selective merge"
"legacy/original/EJLive.Core/Xfs/Adapters/NcrHostMessageInAdapter.cs","EJLive.LegacyReference","LinkedOriginalReference","Verbatim preserved original source/reference package","Preserved verbatim for traceability and future selective merge"
"legacy/original/EJLive.Core/Xfs/Adapters/NcrHostMessageOutAdapter.cs","EJLive.LegacyReference","LinkedOriginalReference","Verbatim preserved original source/reference package","Preserved verbatim for traceability and future selective merge"
"legacy/original/EJLive.Core/Xfs/Adapters/NcrJournalAdapter.cs","EJLive.LegacyReference","LinkedOriginalReference","Verbatim preserved original source/reference package","Preserved verbatim for traceability and future selective merge"
"legacy/original/EJLive.Core/Xfs/Adapters/NcrOoxfsRuntimeAdapter.cs","EJLive.LegacyReference","LinkedOriginalReference","Verbatim preserved original source/reference package","Preserved verbatim for traceability and future selective merge"
"legacy/original/EJLive.Core/Xfs/Adapters/NcrXfsAdapter.cs","EJLive.LegacyReference","LinkedOriginalReference","Verbatim preserved original source/reference package","Preserved verbatim for traceability and future selective merge"
"legacy/original/EJLive.Core/Xfs/Adapters/OoxfsRuntimeAdapter.cs","EJLive.LegacyReference","LinkedOriginalReference","Verbatim preserved original source/reference package","Preserved verbatim for traceability and future selective merge"
"legacy/original/EJLive.Core/Xfs/IXfsVendorAdapter.cs","EJLive.LegacyReference","LinkedOriginalReference","Verbatim preserved original source/reference package","Preserved verbatim for traceability and future selective merge"
"legacy/original/EJLive.Core/Xfs/Models/XfsNormalizedModels.cs","EJLive.LegacyReference","LinkedOriginalReference","Verbatim preserved original source/reference package","Preserved verbatim for traceability and future selective merge"
"legacy/original/EJLive.Core/Xfs/XfsAdapterRegistry.cs","EJLive.LegacyReference","LinkedOriginalReference","Verbatim preserved original source/reference package","Preserved verbatim for traceability and future selective merge"
"legacy/original/EJLive.Core/Xfs/XfsEventModels.cs","EJLive.LegacyReference","LinkedOriginalReference","Verbatim preserved original source/reference package","Preserved verbatim for traceability and future selective merge"
"legacy/original/EJLive.Installer.WinForms/app.config","EJLive.LegacyReference","LinkedOriginalReference","Verbatim preserved original source/reference package","Preserved verbatim for traceability and future selective merge"
"legacy/original/EJLive.Installer.WinForms/app.manifest","EJLive.LegacyReference","LinkedOriginalReference","Verbatim preserved original source/reference package","Preserved verbatim for traceability and future selective merge"
"legacy/original/EJLive.Installer.WinForms/EJLive.Installer.WinForms.csproj","EJLive.LegacyReference","LinkedOriginalReference","Verbatim preserved original source/reference package","Preserved verbatim for traceability and future selective merge"
"legacy/original/EJLive.Installer.WinForms/InstallerForm.cs","EJLive.LegacyReference","LinkedOriginalReference","Verbatim preserved original source/reference package","Preserved verbatim for traceability and future selective merge"
"legacy/original/EJLive.Installer.WinForms/InstallerForm.Designer.cs","EJLive.LegacyReference","LinkedOriginalReference","Verbatim preserved original source/reference package","Preserved verbatim for traceability and future selective merge"
"legacy/original/EJLive.Installer.WinForms/packages.config","EJLive.LegacyReference","LinkedOriginalReference","Verbatim preserved original source/reference package","Preserved verbatim for traceability and future selective merge"
"legacy/original/EJLive.Installer.WinForms/Program.cs","EJLive.LegacyReference","LinkedOriginalReference","Verbatim preserved original source/reference package","Preserved verbatim for traceability and future selective merge"
"legacy/original/EJLive.Installer.WinForms/Properties/AssemblyInfo.cs","EJLive.LegacyReference","LinkedOriginalReference","Verbatim preserved original source/reference package","Preserved verbatim for traceability and future selective merge"
"legacy/original/EJLive.Installer.WinForms/Properties/AssemblyInfo.cs.bak","EJLive.LegacyReference","LinkedOriginalReference","Verbatim preserved original source/reference package","Preserved verbatim for traceability and future selective merge"
"legacy/original/EJLive.Monitor/App.config","EJLive.LegacyReference","LinkedOriginalReference","Verbatim preserved original source/reference package","Preserved verbatim for traceability and future selective merge"
"legacy/original/EJLive.Monitor/EJLive.Monitor.csproj","EJLive.LegacyReference","LinkedOriginalReference","Verbatim preserved original source/reference package","Preserved verbatim for traceability and future selective merge"
"legacy/original/EJLive.Monitor/MonitoringDashboard.cs","EJLive.LegacyReference","LinkedOriginalReference","Verbatim preserved original source/reference package","Preserved verbatim for traceability and future selective merge"
"legacy/original/EJLive.Monitor/MonitoringDashboard.Designer.cs","EJLive.LegacyReference","LinkedOriginalReference","Verbatim preserved original source/reference package","Preserved verbatim for traceability and future selective merge"
"legacy/original/EJLive.Monitor/packages.config","EJLive.LegacyReference","LinkedOriginalReference","Verbatim preserved original source/reference package","Preserved verbatim for traceability and future selective merge"
"legacy/original/EJLive.Monitor/Properties/AssemblyInfo.cs","EJLive.LegacyReference","LinkedOriginalReference","Verbatim preserved original source/reference package","Preserved verbatim for traceability and future selective merge"
"legacy/original/EJLive.Monitoring.WinForms/app.config","EJLive.LegacyReference","LinkedOriginalReference","Verbatim preserved original source/reference package","Preserved verbatim for traceability and future selective merge"
"legacy/original/EJLive.Monitoring.WinForms/EJLive.Monitoring.WinForms.csproj","EJLive.LegacyReference","LinkedOriginalReference","Verbatim preserved original source/reference package","Preserved verbatim for traceability and future selective merge"
"legacy/original/EJLive.Monitoring.WinForms/MainDashboardForm.cs","EJLive.LegacyReference","LinkedOriginalReference","Verbatim preserved original source/reference package","Preserved verbatim for traceability and future selective merge"
"legacy/original/EJLive.Monitoring.WinForms/MainDashboardForm.Designer.cs","EJLive.LegacyReference","LinkedOriginalReference","Verbatim preserved original source/reference package","Preserved verbatim for traceability and future selective merge"
"legacy/original/EJLive.Monitoring.WinForms/MainDashboardForm.resx","EJLive.LegacyReference","LinkedOriginalReference","Verbatim preserved original source/reference package","Preserved verbatim for traceability and future selective merge"
"legacy/original/EJLive.Monitoring.WinForms/Models/DashboardModels.cs","EJLive.LegacyReference","LinkedOriginalReference","Verbatim preserved original source/reference package","Preserved verbatim for traceability and future selective merge"
"legacy/original/EJLive.Monitoring.WinForms/packages.config","EJLive.LegacyReference","LinkedOriginalReference","Verbatim preserved original source/reference package","Preserved verbatim for traceability and future selective merge"
"legacy/original/EJLive.Monitoring.WinForms/Program.cs","EJLive.LegacyReference","LinkedOriginalReference","Verbatim preserved original source/reference package","Preserved verbatim for traceability and future selective merge"
"legacy/original/EJLive.Monitoring.WinForms/Properties/AssemblyInfo.cs","EJLive.LegacyReference","LinkedOriginalReference","Verbatim preserved original source/reference package","Preserved verbatim for traceability and future selective merge"
"legacy/original/EJLive.Monitoring.WinForms/Properties/AssemblyInfo.cs.bak","EJLive.LegacyReference","LinkedOriginalReference","Verbatim preserved original source/reference package","Preserved verbatim for traceability and future selective merge"
"legacy/original/EJLive.Server.WinForms/app.config","EJLive.LegacyReference","LinkedOriginalReference","Verbatim preserved original source/reference package","Preserved verbatim for traceability and future selective merge"
"legacy/original/EJLive.Server.WinForms/ATMCardPanel.cs","EJLive.LegacyReference","LinkedOriginalReference","Verbatim preserved original source/reference package","Preserved verbatim for traceability and future selective merge"
"legacy/original/EJLive.Server.WinForms/ATMDetailDrawerForm.cs","EJLive.LegacyReference","LinkedOriginalReference","Verbatim preserved original source/reference package","Preserved verbatim for traceability and future selective merge"
"legacy/original/EJLive.Server.WinForms/ATMDetailDrawerForm.Designer.cs","EJLive.LegacyReference","LinkedOriginalReference","Verbatim preserved original source/reference package","Preserved verbatim for traceability and future selective merge"
"legacy/original/EJLive.Server.WinForms/ATMDetailForm.cs","EJLive.LegacyReference","LinkedOriginalReference","Verbatim preserved original source/reference package","Preserved verbatim for traceability and future selective merge"
"legacy/original/EJLive.Server.WinForms/ATMDetailForm.Designer.cs","EJLive.LegacyReference","LinkedOriginalReference","Verbatim preserved original source/reference package","Preserved verbatim for traceability and future selective merge"
"legacy/original/EJLive.Server.WinForms/EJLive.Server.WinForms.csproj","EJLive.LegacyReference","LinkedOriginalReference","Verbatim preserved original source/reference package","Preserved verbatim for traceability and future selective merge"
"legacy/original/EJLive.Server.WinForms/EJLive.Server.WinForms.csproj.user","EJLive.LegacyReference","LinkedOriginalReference","Verbatim preserved original source/reference package","Preserved verbatim for traceability and future selective merge"
"legacy/original/EJLive.Server.WinForms/JournalSyncDashboardForm.cs","EJLive.LegacyReference","LinkedOriginalReference","Verbatim preserved original source/reference package","Preserved verbatim for traceability and future selective merge"
"legacy/original/EJLive.Server.WinForms/JournalSyncDashboardForm.resx","EJLive.LegacyReference","LinkedOriginalReference","Verbatim preserved original source/reference package","Preserved verbatim for traceability and future selective merge"
"legacy/original/EJLive.Server.WinForms/JournalViewerForm.cs","EJLive.LegacyReference","LinkedOriginalReference","Verbatim preserved original source/reference package","Preserved verbatim for traceability and future selective merge"
"legacy/original/EJLive.Server.WinForms/JournalViewerForm.Designer.cs","EJLive.LegacyReference","LinkedOriginalReference","Verbatim preserved original source/reference package","Preserved verbatim for traceability and future selective merge"
"legacy/original/EJLive.Server.WinForms/packages.config","EJLive.LegacyReference","LinkedOriginalReference","Verbatim preserved original source/reference package","Preserved verbatim for traceability and future selective merge"
"legacy/original/EJLive.Server.WinForms/Program.cs","EJLive.LegacyReference","LinkedOriginalReference","Verbatim preserved original source/reference package","Preserved verbatim for traceability and future selective merge"
"legacy/original/EJLive.Server.WinForms/Properties/AssemblyInfo.cs","EJLive.LegacyReference","LinkedOriginalReference","Verbatim preserved original source/reference package","Preserved verbatim for traceability and future selective merge"
"legacy/original/EJLive.Server.WinForms/Properties/AssemblyInfo.cs.bak","EJLive.LegacyReference","LinkedOriginalReference","Verbatim preserved original source/reference package","Preserved verbatim for traceability and future selective merge"
"legacy/original/EJLive.Server.WinForms/ServerMainForm.cs","EJLive.LegacyReference","LinkedOriginalReference","Verbatim preserved original source/reference package","Preserved verbatim for traceability and future selective merge"
"legacy/original/EJLive.Server.WinForms/ServerMainForm.Designer.cs","EJLive.LegacyReference","LinkedOriginalReference","Verbatim preserved original source/reference package","Preserved verbatim for traceability and future selective merge"
"legacy/original/EJLive.Server.WinForms/Services/ArchiveManager.cs","EJLive.LegacyReference","LinkedOriginalReference","Verbatim preserved original source/reference package","Preserved verbatim for traceability and future selective merge"
"legacy/original/EJLive.Server.WinForms/Services/EJServer.cs","EJLive.LegacyReference","LinkedOriginalReference","Verbatim preserved original source/reference package","Preserved verbatim for traceability and future selective merge"
"legacy/original/EJLive.Server.WinForms/Services/EJServerService.cs","EJLive.LegacyReference","LinkedOriginalReference","Verbatim preserved original source/reference package","Preserved verbatim for traceability and future selective merge"
"legacy/original/EJLive.Server.WinForms/SyncDashboardForm.cs","EJLive.LegacyReference","LinkedOriginalReference","Verbatim preserved original source/reference package","Preserved verbatim for traceability and future selective merge"
"legacy/original/EJLive.Server.WinForms/SyncDashboardForm.Designer.cs","EJLive.LegacyReference","LinkedOriginalReference","Verbatim preserved original source/reference package","Preserved verbatim for traceability and future selective merge"
"legacy/original/EJLive.Server/ServerMainForm.cs","EJLive.LegacyReference","LinkedOriginalReference","Verbatim preserved original source/reference package","Preserved verbatim for traceability and future selective merge"
"legacy/original/EJLive.Server/Services/JournalAnalyticsService.cs","EJLive.LegacyReference","LinkedOriginalReference","Verbatim preserved original source/reference package","Preserved verbatim for traceability and future selective merge"
"legacy/original/EJLive.Server/Services/RemoteControlService.cs","EJLive.LegacyReference","LinkedOriginalReference","Verbatim preserved original source/reference package","Preserved verbatim for traceability and future selective merge"
"legacy/original/EJLive.Setup/SetupWizardForm.cs","EJLive.LegacyReference","LinkedOriginalReference","Verbatim preserved original source/reference package","Preserved verbatim for traceability and future selective merge"
"legacy/original/EJLive.Shared/App.config","EJLive.LegacyReference","LinkedOriginalReference","Verbatim preserved original source/reference package","Preserved verbatim for traceability and future selective merge"
"legacy/original/EJLive.Shared/DateTimeHelper.cs","EJLive.LegacyReference","LinkedOriginalReference","Verbatim preserved original source/reference package","Preserved verbatim for traceability and future selective merge"
"legacy/original/EJLive.Shared/EJLive.Shared.csproj","EJLive.LegacyReference","LinkedOriginalReference","Verbatim preserved original source/reference package","Preserved verbatim for traceability and future selective merge"
"legacy/original/EJLive.Shared/EJLive.Shared.csproj.bak","EJLive.LegacyReference","LinkedOriginalReference","Verbatim preserved original source/reference package","Preserved verbatim for traceability and future selective merge"
"legacy/original/EJLive.Shared/LightUiTheme.cs","EJLive.LegacyReference","LinkedOriginalReference","Verbatim preserved original source/reference package","Preserved verbatim for traceability and future selective merge"
"legacy/original/EJLive.Shared/Logger.cs","EJLive.LegacyReference","LinkedOriginalReference","Verbatim preserved original source/reference package","Preserved verbatim for traceability and future selective merge"
"legacy/original/EJLive.Shared/MonitoringState.cs","EJLive.LegacyReference","LinkedOriginalReference","Verbatim preserved original source/reference package","Preserved verbatim for traceability and future selective merge"
"legacy/original/EJLive.Shared/MonitoringStateStore.cs","EJLive.LegacyReference","LinkedOriginalReference","Verbatim preserved original source/reference package","Preserved verbatim for traceability and future selective merge"
"legacy/original/EJLive.Shared/packages.config","EJLive.LegacyReference","LinkedOriginalReference","Verbatim preserved original source/reference package","Preserved verbatim for traceability and future selective merge"
"legacy/original/EJLive.Shared/Properties/AssemblyInfo.cs","EJLive.LegacyReference","LinkedOriginalReference","Verbatim preserved original source/reference package","Preserved verbatim for traceability and future selective merge"
"legacy/original/EJLive.Shared/Properties/AssemblyInfo.cs.bak","EJLive.LegacyReference","LinkedOriginalReference","Verbatim preserved original source/reference package","Preserved verbatim for traceability and future selective merge"
"legacy/original/EJLive.Shared/RetryPolicy.cs","EJLive.LegacyReference","LinkedOriginalReference","Verbatim preserved original source/reference package","Preserved verbatim for traceability and future selective merge"
"legacy/original/EJLive.Shared/SecurityHelper.cs","EJLive.LegacyReference","LinkedOriginalReference","Verbatim preserved original source/reference package","Preserved verbatim for traceability and future selective merge"
"legacy/original/EJLive.Shared/SecurityHelper.cs.bak","EJLive.LegacyReference","LinkedOriginalReference","Verbatim preserved original source/reference package","Preserved verbatim for traceability and future selective merge"
"legacy/original/EJLive.sln","EJLive.LegacyReference","LinkedOriginalReference","Verbatim preserved original source/reference package","Preserved verbatim for traceability and future selective merge"
"legacy/original/FIX_AND_BUILD.bat","EJLive.LegacyReference","LinkedOriginalReference","Verbatim preserved original source/reference package","Preserved verbatim for traceability and future selective merge"
"legacy/original/NuGet.Config","EJLive.LegacyReference","LinkedOriginalReference","Verbatim preserved original source/reference package","Preserved verbatim for traceability and future selective merge"
"legacy/original/ocr-document-processor/agents/openai.yaml","EJLive.LegacyReference","LinkedOriginalReference","Verbatim preserved original source/reference package","Preserved verbatim for traceability and future selective merge"
"legacy/original/ocr-document-processor/scripts/business_card_scanner.py","EJLive.LegacyReference","LinkedOriginalReference","Verbatim preserved original source/reference package","Preserved verbatim for traceability and future selective merge"
"legacy/original/ocr-document-processor/scripts/ocr_processor.py","EJLive.LegacyReference","LinkedOriginalReference","Verbatim preserved original source/reference package","Preserved verbatim for traceability and future selective merge"
"legacy/original/ocr-document-processor/scripts/receipt_scanner.py","EJLive.LegacyReference","LinkedOriginalReference","Verbatim preserved original source/reference package","Preserved verbatim for traceability and future selective merge"
"legacy/original/ocr-document-processor/scripts/requirements.txt","EJLive.LegacyReference","LinkedOriginalReference","Verbatim preserved original source/reference package","Preserved verbatim for traceability and future selective merge"
"legacy/original/ocr-document-processor/SKILL.md","EJLive.LegacyReference","LinkedOriginalReference","Verbatim preserved original source/reference package","Preserved verbatim for traceability and future selective merge"
"legacy/original/OPEN_IN_VS.bat","EJLive.LegacyReference","LinkedOriginalReference","Verbatim preserved original source/reference package","Preserved verbatim for traceability and future selective merge"
"legacy/original/Package.bat","EJLive.LegacyReference","LinkedOriginalReference","Verbatim preserved original source/reference package","Preserved verbatim for traceability and future selective merge"
"legacy/original/QUICK_START.bat","EJLive.LegacyReference","LinkedOriginalReference","Verbatim preserved original source/reference package","Preserved verbatim for traceability and future selective merge"
"legacy/original/RESTORE_NUGET.bat","EJLive.LegacyReference","LinkedOriginalReference","Verbatim preserved original source/reference package","Preserved verbatim for traceability and future selective merge"
"legacy/original/RESTORE_NUGET_PACKAGES.bat","EJLive.LegacyReference","LinkedOriginalReference","Verbatim preserved original source/reference package","Preserved verbatim for traceability and future selective merge"
"legacy/original/SIMPLE_BUILD.bat","EJLive.LegacyReference","LinkedOriginalReference","Verbatim preserved original source/reference package","Preserved verbatim for traceability and future selective merge"
"legacy/original/START_APPLICATIONS.bat","EJLive.LegacyReference","LinkedOriginalReference","Verbatim preserved original source/reference package","Preserved verbatim for traceability and future selective merge"
"legacy/original/UpgradeLog.htm","EJLive.LegacyReference","LinkedOriginalReference","Verbatim preserved original source/reference package","Preserved verbatim for traceability and future selective merge"
"legacy/original/xl/_rels/workbook.xml.rels","EJLive.LegacyReference","LinkedOriginalReference","Verbatim preserved original source/reference package","Preserved verbatim for traceability and future selective merge"
"legacy/original/xl/sharedStrings.xml","EJLive.LegacyReference","LinkedOriginalReference","Verbatim preserved original source/reference package","Preserved verbatim for traceability and future selective merge"
"legacy/original/xl/styles.xml","EJLive.LegacyReference","LinkedOriginalReference","Verbatim preserved original source/reference package","Preserved verbatim for traceability and future selective merge"
"legacy/original/xl/theme/theme1.xml","EJLive.LegacyReference","LinkedOriginalReference","Verbatim preserved original source/reference package","Preserved verbatim for traceability and future selective merge"
"legacy/original/xl/workbook.xml","EJLive.LegacyReference","LinkedOriginalReference","Verbatim preserved original source/reference package","Preserved verbatim for traceability and future selective merge"
"legacy/original/xl/worksheets/sheet1.xml","EJLive.LegacyReference","LinkedOriginalReference","Verbatim preserved original source/reference package","Preserved verbatim for traceability and future selective merge"
"legacy/original/xl/worksheets/sheet2.xml","EJLive.LegacyReference","LinkedOriginalReference","Verbatim preserved original source/reference package","Preserved verbatim for traceability and future selective merge"
"legacy/original/xl/worksheets/sheet3.xml","EJLive.LegacyReference","LinkedOriginalReference","Verbatim preserved original source/reference package","Preserved verbatim for traceability and future selective merge"
"legacy/original/xl/worksheets/sheet4.xml","EJLive.LegacyReference","LinkedOriginalReference","Verbatim preserved original source/reference package","Preserved verbatim for traceability and future selective merge"
"legacy/original/xl/worksheets/sheet5.xml","EJLive.LegacyReference","LinkedOriginalReference","Verbatim preserved original source/reference package","Preserved verbatim for traceability and future selective merge"
"legacy/original/xl/worksheets/sheet6.xml","EJLive.LegacyReference","LinkedOriginalReference","Verbatim preserved original source/reference package","Preserved verbatim for traceability and future selective merge"
"legacy/original/xl/worksheets/sheet7.xml","EJLive.LegacyReference","LinkedOriginalReference","Verbatim preserved original source/reference package","Preserved verbatim for traceability and future selective merge"
"legacy/original/xl/worksheets/sheet8.xml","EJLive.LegacyReference","LinkedOriginalReference","Verbatim preserved original source/reference package","Preserved verbatim for traceability and future selective merge"
"README.md","EJLive.LegacyReference","LinkedRootArtifact","Project overview and operating notes","Root solution/package artifact"
"src.zip","EJLive.LegacyReference","LinkedRootArtifact","Preserved source package artifact","Root solution/package artifact"
"src/EJLive.Client.WinForms/app.config","EJLive.Client.WinForms","ContentOrMetadataReference","ATM-side client UI, runtime workflow, or preserved client reference component","Preserved and visible in solution"
"src/EJLive.Client.WinForms/ClientMainForm.cs","EJLive.Client.WinForms","ActiveCompile","ATM-side client UI, runtime workflow, or preserved client reference component","Runs now in buildable project"
"src/EJLive.Client.WinForms/ClientMainForm.Designer.cs","EJLive.Client.WinForms","ReferenceSourceForFutureIntegration","ATM-side client UI, runtime workflow, or preserved client reference component","Preserved in owning project for future cleanup and promotion to Compile"
"src/EJLive.Client.WinForms/ClientMainForm.resx","EJLive.Client.WinForms","ContentOrMetadataReference","ATM-side client UI, runtime workflow, or preserved client reference component","Preserved and visible in solution"
"src/EJLive.Client.WinForms/Controls/ATMCardControl.cs","EJLive.Client.WinForms","ReferenceSourceForFutureIntegration","ATM-side client UI, runtime workflow, or preserved client reference component","Preserved in owning project for future cleanup and promotion to Compile"
"src/EJLive.Client.WinForms/Controls/DarkButton.cs","EJLive.Client.WinForms","ReferenceSourceForFutureIntegration","ATM-side client UI, runtime workflow, or preserved client reference component","Preserved in owning project for future cleanup and promotion to Compile"
"src/EJLive.Client.WinForms/Controls/StatusCard.cs","EJLive.Client.WinForms","ReferenceSourceForFutureIntegration","ATM-side client UI, runtime workflow, or preserved client reference component","Preserved in owning project for future cleanup and promotion to Compile"
"src/EJLive.Client.WinForms/Controls/ThemeColors.cs","EJLive.Client.WinForms","ReferenceSourceForFutureIntegration","ATM-side client UI, runtime workflow, or preserved client reference component","Preserved in owning project for future cleanup and promotion to Compile"
"src/EJLive.Client.WinForms/Controls/ToastNotification.cs","EJLive.Client.WinForms","ReferenceSourceForFutureIntegration","ATM-side client UI, runtime workflow, or preserved client reference component","Preserved in owning project for future cleanup and promotion to Compile"
"src/EJLive.Client.WinForms/EJLive.Client.WinForms.csproj","EJLive.Client.WinForms","ProjectDefinition","ATM-side client UI, runtime workflow, or preserved client reference component","Loads in Visual Studio or owns linked items"
"src/EJLive.Client.WinForms/EJLive.Client.WinForms.csproj.user","EJLive.Client.WinForms","ContentOrMetadataReference","ATM-side client UI, runtime workflow, or preserved client reference component","Preserved and visible in solution"
"src/EJLive.Client.WinForms/packages.config","EJLive.Client.WinForms","ContentOrMetadataReference","ATM-side client UI, runtime workflow, or preserved client reference component","Preserved and visible in solution"
"src/EJLive.Client.WinForms/Program.cs","EJLive.Client.WinForms","ActiveCompile","ATM-side client UI, runtime workflow, or preserved client reference component","Runs now in buildable project"
"src/EJLive.Client.WinForms/Properties/AssemblyInfo.cs","EJLive.Client.WinForms","ActiveCompile","ATM-side client UI, runtime workflow, or preserved client reference component","Runs now in buildable project"
"src/EJLive.Client.WinForms/Properties/Resources.Designer.cs","EJLive.Client.WinForms","ReferenceSourceForFutureIntegration","ATM-side client UI, runtime workflow, or preserved client reference component","Preserved in owning project for future cleanup and promotion to Compile"
"src/EJLive.Client.WinForms/Properties/Resources.resx","EJLive.Client.WinForms","ContentOrMetadataReference","ATM-side client UI, runtime workflow, or preserved client reference component","Preserved and visible in solution"
"src/EJLive.Client.WinForms/Services/AdvancedJournalProcessor.cs","EJLive.Client.WinForms","ReferenceSourceForFutureIntegration","ATM-side client UI, runtime workflow, or preserved client reference component","Preserved in owning project for future cleanup and promotion to Compile"
"src/EJLive.Client.WinForms/Services/AdvancedNetworkManager.cs","EJLive.Client.WinForms","ReferenceSourceForFutureIntegration","ATM-side client UI, runtime workflow, or preserved client reference component","Preserved in owning project for future cleanup and promotion to Compile"
"src/EJLive.Client.WinForms/Services/AdvancedRemoteCommandHandler.cs","EJLive.Client.WinForms","ReferenceSourceForFutureIntegration","ATM-side client UI, runtime workflow, or preserved client reference component","Preserved in owning project for future cleanup and promotion to Compile"
"src/EJLive.Client.WinForms/Services/CashTelemetryService.cs","EJLive.Client.WinForms","ReferenceSourceForFutureIntegration","ATM-side client UI, runtime workflow, or preserved client reference component","Preserved in owning project for future cleanup and promotion to Compile"
"src/EJLive.Client.WinForms/Services/ClientConstants.cs","EJLive.Client.WinForms","ReferenceSourceForFutureIntegration","ATM-side client UI, runtime workflow, or preserved client reference component","Preserved in owning project for future cleanup and promotion to Compile"
"src/EJLive.Client.WinForms/Services/JournalProcessor.cs","EJLive.Client.WinForms","ReferenceSourceForFutureIntegration","ATM-side client UI, runtime workflow, or preserved client reference component","Preserved in owning project for future cleanup and promotion to Compile"
"src/EJLive.Client.WinForms/Services/JournalSyncAgent.cs","EJLive.Client.WinForms","ReferenceSourceForFutureIntegration","ATM-side client UI, runtime workflow, or preserved client reference component","Preserved in owning project for future cleanup and promotion to Compile"
"src/EJLive.Client.WinForms/Services/NetworkEngine.cs","EJLive.Client.WinForms","ReferenceSourceForFutureIntegration","ATM-side client UI, runtime workflow, or preserved client reference component","Preserved in owning project for future cleanup and promotion to Compile"
"src/EJLive.Client.WinForms/Services/NetworkManager.cs","EJLive.Client.WinForms","ReferenceSourceForFutureIntegration","ATM-side client UI, runtime workflow, or preserved client reference component","Preserved in owning project for future cleanup and promotion to Compile"
"src/EJLive.Client.WinForms/Services/RemoteCommandHandler.cs","EJLive.Client.WinForms","ReferenceSourceForFutureIntegration","ATM-side client UI, runtime workflow, or preserved client reference component","Preserved in owning project for future cleanup and promotion to Compile"
"src/EJLive.Client.WinForms/Services/WindowsRemoteAccessService.cs","EJLive.Client.WinForms","ReferenceSourceForFutureIntegration","ATM-side client UI, runtime workflow, or preserved client reference component","Preserved in owning project for future cleanup and promotion to Compile"
"src/EJLive.Client.WinForms/Services/WindowsStartupService.cs","EJLive.Client.WinForms","ReferenceSourceForFutureIntegration","ATM-side client UI, runtime workflow, or preserved client reference component","Preserved in owning project for future cleanup and promotion to Compile"
"src/EJLive.Core/App.config","EJLive.Core","ContentOrMetadataReference","Core domain model, service, engine, database, sync, network, or XFS reference","Preserved and visible in solution"
"src/EJLive.Core/Compatibility/StringCompatibilityExtensions.cs","EJLive.Core","ReferenceSourceForFutureIntegration","Core domain model, service, engine, database, sync, network, or XFS reference","Preserved in owning project for future cleanup and promotion to Compile"
"src/EJLive.Core/Constants.cs","EJLive.Core","ActiveCompile","Core domain model, service, engine, database, sync, network, or XFS reference","Runs now in buildable project"
"src/EJLive.Core/EJLive.Core.csproj","EJLive.Core","ProjectDefinition","Core domain model, service, engine, database, sync, network, or XFS reference","Loads in Visual Studio or owns linked items"
"src/EJLive.Core/Engine/CommunicationProtocol.cs","EJLive.Core","ActiveCompile","Core domain model, service, engine, database, sync, network, or XFS reference","Runs now in buildable project"
"src/EJLive.Core/Engine/FileWatcherEngine.cs","EJLive.Core","ReferenceSourceForFutureIntegration","Core domain model, service, engine, database, sync, network, or XFS reference","Preserved in owning project for future cleanup and promotion to Compile"
"src/EJLive.Core/Engine/FleetPredictionEngine.cs","EJLive.Core","ReferenceSourceForFutureIntegration","Core domain model, service, engine, database, sync, network, or XFS reference","Preserved in owning project for future cleanup and promotion to Compile"
"src/EJLive.Core/Engine/GhostRemoteEngine.cs","EJLive.Core","ReferenceSourceForFutureIntegration","Core domain model, service, engine, database, sync, network, or XFS reference","Preserved in owning project for future cleanup and promotion to Compile"
"src/EJLive.Core/Engine/ImageSyncEngine.cs","EJLive.Core","ReferenceSourceForFutureIntegration","Core domain model, service, engine, database, sync, network, or XFS reference","Preserved in owning project for future cleanup and promotion to Compile"
"src/EJLive.Core/Engine/JournalOutbox.cs","EJLive.Core","ActiveCompile","Core domain model, service, engine, database, sync, network, or XFS reference","Runs now in buildable project"
"src/EJLive.Core/Engine/JournalSyncTracker.cs","EJLive.Core","ReferenceSourceForFutureIntegration","Core domain model, service, engine, database, sync, network, or XFS reference","Preserved in owning project for future cleanup and promotion to Compile"
"src/EJLive.Core/Engine/NetworkEngine.cs","EJLive.Core","ActiveCompile","Core domain model, service, engine, database, sync, network, or XFS reference","Runs now in buildable project"
"src/EJLive.Core/Engine/OperationalEngines.cs","EJLive.Core","ActiveCompile","Core domain model, service, engine, database, sync, network, or XFS reference","Runs now in buildable project"
"src/EJLive.Core/Engine/Protocol.cs","EJLive.Core","ReferenceSourceForFutureIntegration","Core domain model, service, engine, database, sync, network, or XFS reference","Preserved in owning project for future cleanup and promotion to Compile"
"src/EJLive.Core/Engine/ReportExportEngine.cs","EJLive.Core","ReferenceSourceForFutureIntegration","Core domain model, service, engine, database, sync, network, or XFS reference","Preserved in owning project for future cleanup and promotion to Compile"
"src/EJLive.Core/Engine/ServerEngine.cs","EJLive.Core","ReferenceSourceForFutureIntegration","Core domain model, service, engine, database, sync, network, or XFS reference","Preserved in owning project for future cleanup and promotion to Compile"
"src/EJLive.Core/Engine/TransactionAnalysisEngine.cs","EJLive.Core","ReferenceSourceForFutureIntegration","Core domain model, service, engine, database, sync, network, or XFS reference","Preserved in owning project for future cleanup and promotion to Compile"
"src/EJLive.Core/Models/AnalysisRuntimeModels.cs","EJLive.Core","ReferenceSourceForFutureIntegration","Core domain model, service, engine, database, sync, network, or XFS reference","Preserved in owning project for future cleanup and promotion to Compile"
"src/EJLive.Core/Models/ATMInfo.cs","EJLive.Core","ReferenceSourceForFutureIntegration","Core domain model, service, engine, database, sync, network, or XFS reference","Preserved in owning project for future cleanup and promotion to Compile"
"src/EJLive.Core/Models/CompatibilityModels.cs","EJLive.Core","ReferenceSourceForFutureIntegration","Core domain model, service, engine, database, sync, network, or XFS reference","Preserved in owning project for future cleanup and promotion to Compile"
"src/EJLive.Core/Models/JournalSyncModels.cs","EJLive.Core","ReferenceSourceForFutureIntegration","Core domain model, service, engine, database, sync, network, or XFS reference","Preserved in owning project for future cleanup and promotion to Compile"
"src/EJLive.Core/Models/MergedTraceModels.cs","EJLive.Core","ReferenceSourceForFutureIntegration","Core domain model, service, engine, database, sync, network, or XFS reference","Preserved in owning project for future cleanup and promotion to Compile"
"src/EJLive.Core/Models/NcrCapabilityModels.cs","EJLive.Core","ReferenceSourceForFutureIntegration","Core domain model, service, engine, database, sync, network, or XFS reference","Preserved in owning project for future cleanup and promotion to Compile"
"src/EJLive.Core/Models/NcrConfigCapabilityModels.cs","EJLive.Core","ReferenceSourceForFutureIntegration","Core domain model, service, engine, database, sync, network, or XFS reference","Preserved in owning project for future cleanup and promotion to Compile"
"src/EJLive.Core/Models/NcrConfigModels.cs","EJLive.Core","ReferenceSourceForFutureIntegration","Core domain model, service, engine, database, sync, network, or XFS reference","Preserved in owning project for future cleanup and promotion to Compile"
"src/EJLive.Core/Models/NcrConfigProfileModels.cs","EJLive.Core","ReferenceSourceForFutureIntegration","Core domain model, service, engine, database, sync, network, or XFS reference","Preserved in owning project for future cleanup and promotion to Compile"
"src/EJLive.Core/Models/NcrConfigurationModels.cs","EJLive.Core","ReferenceSourceForFutureIntegration","Core domain model, service, engine, database, sync, network, or XFS reference","Preserved in owning project for future cleanup and promotion to Compile"
"src/EJLive.Core/Models/OperationalContracts.cs","EJLive.Core","ReferenceSourceForFutureIntegration","Core domain model, service, engine, database, sync, network, or XFS reference","Preserved in owning project for future cleanup and promotion to Compile"
"src/EJLive.Core/Models/TransactionModels.cs","EJLive.Core","ReferenceSourceForFutureIntegration","Core domain model, service, engine, database, sync, network, or XFS reference","Preserved in owning project for future cleanup and promotion to Compile"
"src/EJLive.Core/Models/UnifiedModels.cs","EJLive.Core","ActiveCompile","Core domain model, service, engine, database, sync, network, or XFS reference","Runs now in buildable project"
"src/EJLive.Core/Models/VendorRootProfileModels.cs","EJLive.Core","ReferenceSourceForFutureIntegration","Core domain model, service, engine, database, sync, network, or XFS reference","Preserved in owning project for future cleanup and promotion to Compile"
"src/EJLive.Core/packages.config","EJLive.Core","ContentOrMetadataReference","Core domain model, service, engine, database, sync, network, or XFS reference","Preserved and visible in solution"
"src/EJLive.Core/Properties/AssemblyInfo.cs","EJLive.Core","ActiveCompile","Core domain model, service, engine, database, sync, network, or XFS reference","Runs now in buildable project"
"src/EJLive.Core/Services/AgentConfigurationXmlService.cs","EJLive.Core","ReferenceSourceForFutureIntegration","Core domain model, service, engine, database, sync, network, or XFS reference","Preserved in owning project for future cleanup and promotion to Compile"
"src/EJLive.Core/Services/AlertManager.cs","EJLive.Core","ReferenceSourceForFutureIntegration","Core domain model, service, engine, database, sync, network, or XFS reference","Preserved in owning project for future cleanup and promotion to Compile"
"src/EJLive.Core/Services/AuditLogger.cs","EJLive.Core","ReferenceSourceForFutureIntegration","Core domain model, service, engine, database, sync, network, or XFS reference","Preserved in owning project for future cleanup and promotion to Compile"
"src/EJLive.Core/Services/CoreServices.cs","EJLive.Core","ActiveCompile","Core domain model, service, engine, database, sync, network, or XFS reference","Runs now in buildable project"
"src/EJLive.Core/Services/DatabaseManager.cs","EJLive.Core","ReferenceSourceForFutureIntegration","Core domain model, service, engine, database, sync, network, or XFS reference","Preserved in owning project for future cleanup and promotion to Compile"
"src/EJLive.Core/Services/JournalSyncAlertService.cs","EJLive.Core","ReferenceSourceForFutureIntegration","Core domain model, service, engine, database, sync, network, or XFS reference","Preserved in owning project for future cleanup and promotion to Compile"
"src/EJLive.Core/Services/JournalSyncDashboardService.cs","EJLive.Core","ReferenceSourceForFutureIntegration","Core domain model, service, engine, database, sync, network, or XFS reference","Preserved in owning project for future cleanup and promotion to Compile"
"src/EJLive.Core/Services/JournalSyncMonitorService.cs","EJLive.Core","ReferenceSourceForFutureIntegration","Core domain model, service, engine, database, sync, network, or XFS reference","Preserved in owning project for future cleanup and promotion to Compile"
"src/EJLive.Core/Services/JournalSyncService.cs","EJLive.Core","ReferenceSourceForFutureIntegration","Core domain model, service, engine, database, sync, network, or XFS reference","Preserved in owning project for future cleanup and promotion to Compile"
"src/EJLive.Core/Services/JournalSyncStateService.cs","EJLive.Core","ReferenceSourceForFutureIntegration","Core domain model, service, engine, database, sync, network, or XFS reference","Preserved in owning project for future cleanup and promotion to Compile"
"src/EJLive.Core/Services/JournalSyncStateStore.cs","EJLive.Core","ReferenceSourceForFutureIntegration","Core domain model, service, engine, database, sync, network, or XFS reference","Preserved in owning project for future cleanup and promotion to Compile"
"src/EJLive.Core/Services/JournalSyncTracker.cs","EJLive.Core","ReferenceSourceForFutureIntegration","Core domain model, service, engine, database, sync, network, or XFS reference","Preserved in owning project for future cleanup and promotion to Compile"
"src/EJLive.Core/Services/JournalSyncTrackerService.cs","EJLive.Core","ReferenceSourceForFutureIntegration","Core domain model, service, engine, database, sync, network, or XFS reference","Preserved in owning project for future cleanup and promotion to Compile"
"src/EJLive.Core/Services/JournalSyncTrackingService.cs","EJLive.Core","ReferenceSourceForFutureIntegration","Core domain model, service, engine, database, sync, network, or XFS reference","Preserved in owning project for future cleanup and promotion to Compile"
"src/EJLive.Core/Services/MergedTraceCorrelationService.cs","EJLive.Core","ReferenceSourceForFutureIntegration","Core domain model, service, engine, database, sync, network, or XFS reference","Preserved in owning project for future cleanup and promotion to Compile"
"src/EJLive.Core/Services/NcrConfigCapabilityParser.cs","EJLive.Core","ReferenceSourceForFutureIntegration","Core domain model, service, engine, database, sync, network, or XFS reference","Preserved in owning project for future cleanup and promotion to Compile"
"src/EJLive.Core/Services/NcrConfigurationCapabilityParser.cs","EJLive.Core","ReferenceSourceForFutureIntegration","Core domain model, service, engine, database, sync, network, or XFS reference","Preserved in owning project for future cleanup and promotion to Compile"
"src/EJLive.Core/Services/NcrReferenceCapabilityFactory.cs","EJLive.Core","ReferenceSourceForFutureIntegration","Core domain model, service, engine, database, sync, network, or XFS reference","Preserved in owning project for future cleanup and promotion to Compile"
"src/EJLive.Core/Services/OperationalStateStore.cs","EJLive.Core","ReferenceSourceForFutureIntegration","Core domain model, service, engine, database, sync, network, or XFS reference","Preserved in owning project for future cleanup and promotion to Compile"
"src/EJLive.Core/Services/RoleBasedAccess.cs","EJLive.Core","ReferenceSourceForFutureIntegration","Core domain model, service, engine, database, sync, network, or XFS reference","Preserved in owning project for future cleanup and promotion to Compile"
"src/EJLive.Core/Services/VendorRootCapabilityService.cs","EJLive.Core","ReferenceSourceForFutureIntegration","Core domain model, service, engine, database, sync, network, or XFS reference","Preserved in owning project for future cleanup and promotion to Compile"
"src/EJLive.Core/Services/VendorRootProfileCatalogService.cs","EJLive.Core","ReferenceSourceForFutureIntegration","Core domain model, service, engine, database, sync, network, or XFS reference","Preserved in owning project for future cleanup and promotion to Compile"
"src/EJLive.Core/Services/XfsLogAnalysisService.cs","EJLive.Core","ReferenceSourceForFutureIntegration","Core domain model, service, engine, database, sync, network, or XFS reference","Preserved in owning project for future cleanup and promotion to Compile"
"src/EJLive.Core/Sync/JournalSyncModels.cs","EJLive.Core","ReferenceSourceForFutureIntegration","Core domain model, service, engine, database, sync, network, or XFS reference","Preserved in owning project for future cleanup and promotion to Compile"
"src/EJLive.Core/Xfs/Adapters/CardReaderTraceAdapter.cs","EJLive.Core","ReferenceSourceForFutureIntegration","Core domain model, service, engine, database, sync, network, or XFS reference","Preserved in owning project for future cleanup and promotion to Compile"
"src/EJLive.Core/Xfs/Adapters/DebugTraceAdapter.cs","EJLive.Core","ReferenceSourceForFutureIntegration","Core domain model, service, engine, database, sync, network, or XFS reference","Preserved in owning project for future cleanup and promotion to Compile"
"src/EJLive.Core/Xfs/Adapters/DieboldMdsAdapter.cs","EJLive.Core","ReferenceSourceForFutureIntegration","Core domain model, service, engine, database, sync, network, or XFS reference","Preserved in owning project for future cleanup and promotion to Compile"
"src/EJLive.Core/Xfs/Adapters/GrgJournalAdapter.cs","EJLive.Core","ReferenceSourceForFutureIntegration","Core domain model, service, engine, database, sync, network, or XFS reference","Preserved in owning project for future cleanup and promotion to Compile"
"src/EJLive.Core/Xfs/Adapters/GrgXfsAdapter.cs","EJLive.Core","ReferenceSourceForFutureIntegration","Core domain model, service, engine, database, sync, network, or XFS reference","Preserved in owning project for future cleanup and promotion to Compile"
"src/EJLive.Core/Xfs/Adapters/HostMessageInAdapter.cs","EJLive.Core","ReferenceSourceForFutureIntegration","Core domain model, service, engine, database, sync, network, or XFS reference","Preserved in owning project for future cleanup and promotion to Compile"
"src/EJLive.Core/Xfs/Adapters/HostMessageOutAdapter.cs","EJLive.Core","ReferenceSourceForFutureIntegration","Core domain model, service, engine, database, sync, network, or XFS reference","Preserved in owning project for future cleanup and promotion to Compile"
"src/EJLive.Core/Xfs/Adapters/IXfsVendorAdapter.cs","EJLive.Core","ReferenceSourceForFutureIntegration","Core domain model, service, engine, database, sync, network, or XFS reference","Preserved in owning project for future cleanup and promotion to Compile"
"src/EJLive.Core/Xfs/Adapters/NcrCardReaderTraceAdapter.cs","EJLive.Core","ReferenceSourceForFutureIntegration","Core domain model, service, engine, database, sync, network, or XFS reference","Preserved in owning project for future cleanup and promotion to Compile"
"src/EJLive.Core/Xfs/Adapters/NcrDebugTraceAdapter.cs","EJLive.Core","ReferenceSourceForFutureIntegration","Core domain model, service, engine, database, sync, network, or XFS reference","Preserved in owning project for future cleanup and promotion to Compile"
"src/EJLive.Core/Xfs/Adapters/NcrHostMessageInAdapter.cs","EJLive.Core","ReferenceSourceForFutureIntegration","Core domain model, service, engine, database, sync, network, or XFS reference","Preserved in owning project for future cleanup and promotion to Compile"
"src/EJLive.Core/Xfs/Adapters/NcrHostMessageOutAdapter.cs","EJLive.Core","ReferenceSourceForFutureIntegration","Core domain model, service, engine, database, sync, network, or XFS reference","Preserved in owning project for future cleanup and promotion to Compile"
"src/EJLive.Core/Xfs/Adapters/NcrJournalAdapter.cs","EJLive.Core","ReferenceSourceForFutureIntegration","Core domain model, service, engine, database, sync, network, or XFS reference","Preserved in owning project for future cleanup and promotion to Compile"
"src/EJLive.Core/Xfs/Adapters/NcrOoxfsRuntimeAdapter.cs","EJLive.Core","ReferenceSourceForFutureIntegration","Core domain model, service, engine, database, sync, network, or XFS reference","Preserved in owning project for future cleanup and promotion to Compile"
"src/EJLive.Core/Xfs/Adapters/NcrXfsAdapter.cs","EJLive.Core","ReferenceSourceForFutureIntegration","Core domain model, service, engine, database, sync, network, or XFS reference","Preserved in owning project for future cleanup and promotion to Compile"
"src/EJLive.Core/Xfs/Adapters/OoxfsRuntimeAdapter.cs","EJLive.Core","ReferenceSourceForFutureIntegration","Core domain model, service, engine, database, sync, network, or XFS reference","Preserved in owning project for future cleanup and promotion to Compile"
"src/EJLive.Core/Xfs/IXfsVendorAdapter.cs","EJLive.Core","ReferenceSourceForFutureIntegration","Core domain model, service, engine, database, sync, network, or XFS reference","Preserved in owning project for future cleanup and promotion to Compile"
"src/EJLive.Core/Xfs/Models/XfsNormalizedModels.cs","EJLive.Core","ReferenceSourceForFutureIntegration","Core domain model, service, engine, database, sync, network, or XFS reference","Preserved in owning project for future cleanup and promotion to Compile"
"src/EJLive.Core/Xfs/XfsAdapterRegistry.cs","EJLive.Core","ReferenceSourceForFutureIntegration","Core domain model, service, engine, database, sync, network, or XFS reference","Preserved in owning project for future cleanup and promotion to Compile"
"src/EJLive.Core/Xfs/XfsEventModels.cs","EJLive.Core","ReferenceSourceForFutureIntegration","Core domain model, service, engine, database, sync, network, or XFS reference","Preserved in owning project for future cleanup and promotion to Compile"
"src/EJLive.Core/Xfs/XfsModels.cs","EJLive.Core","ActiveCompile","Core domain model, service, engine, database, sync, network, or XFS reference","Runs now in buildable project"
"src/EJLive.Installer.WinForms/app.config","EJLive.Installer.WinForms","ContentOrMetadataReference","Installer shell, deployment validation, or preserved installer reference component","Preserved and visible in solution"
"src/EJLive.Installer.WinForms/app.manifest","EJLive.Installer.WinForms","ContentOrMetadataReference","Installer shell, deployment validation, or preserved installer reference component","Preserved and visible in solution"
"src/EJLive.Installer.WinForms/EJLive.Installer.WinForms.csproj","EJLive.Installer.WinForms","ProjectDefinition","Installer shell, deployment validation, or preserved installer reference component","Loads in Visual Studio or owns linked items"
"src/EJLive.Installer.WinForms/EJLive.Installer.WinForms.csproj.user","EJLive.Installer.WinForms","ContentOrMetadataReference","Installer shell, deployment validation, or preserved installer reference component","Preserved and visible in solution"
"src/EJLive.Installer.WinForms/InstallerForm.cs","EJLive.Installer.WinForms","ActiveCompile","Installer shell, deployment validation, or preserved installer reference component","Runs now in buildable project"
"src/EJLive.Installer.WinForms/InstallerForm.Designer.cs","EJLive.Installer.WinForms","ReferenceSourceForFutureIntegration","Installer shell, deployment validation, or preserved installer reference component","Preserved in owning project for future cleanup and promotion to Compile"
"src/EJLive.Installer.WinForms/packages.config","EJLive.Installer.WinForms","ContentOrMetadataReference","Installer shell, deployment validation, or preserved installer reference component","Preserved and visible in solution"
"src/EJLive.Installer.WinForms/Program.cs","EJLive.Installer.WinForms","ActiveCompile","Installer shell, deployment validation, or preserved installer reference component","Runs now in buildable project"
"src/EJLive.Installer.WinForms/Properties/AssemblyInfo.cs","EJLive.Installer.WinForms","ActiveCompile","Installer shell, deployment validation, or preserved installer reference component","Runs now in buildable project"
"src/EJLive.Installer.WinForms/Properties/AssemblyInfo.cs.bak","EJLive.Installer.WinForms","ContentOrMetadataReference","Installer shell, deployment validation, or preserved installer reference component","Preserved and visible in solution"
"src/EJLive.LegacyReference/EJLive.LegacyReference.csproj","EJLive.LegacyReference","ProjectDefinition","Reference project marker","Loads in Visual Studio or owns linked items"
"src/EJLive.LegacyReference/LegacyReferenceMarker.cs","EJLive.LegacyReference","ActiveCompile","Reference project marker","Runs now in buildable project"
"src/EJLive.Monitor/App.config","EJLive.Monitor","ContentOrMetadataReference","Legacy monitoring dashboard compiled as independent reference module","Preserved and visible in solution"
"src/EJLive.Monitor/EJLive.Monitor.csproj","EJLive.Monitor","ProjectDefinition","Legacy monitoring dashboard compiled as independent reference module","Loads in Visual Studio or owns linked items"
"src/EJLive.Monitor/MonitoringDashboard.cs","EJLive.Monitor","ActiveCompile","Legacy monitoring dashboard compiled as independent reference module","Runs now in buildable project"
"src/EJLive.Monitor/MonitoringDashboard.Designer.cs","EJLive.Monitor","ActiveCompile","Legacy monitoring dashboard compiled as independent reference module","Runs now in buildable project"
"src/EJLive.Monitor/packages.config","EJLive.Monitor","ContentOrMetadataReference","Legacy monitoring dashboard compiled as independent reference module","Preserved and visible in solution"
"src/EJLive.Monitor/Properties/AssemblyInfo.cs","EJLive.Monitor","ActiveCompile","Legacy monitoring dashboard compiled as independent reference module","Runs now in buildable project"
"src/EJLive.Monitoring.WinForms/app.config","EJLive.Monitoring.WinForms","ContentOrMetadataReference","Monitoring dashboard, reporting visualization, or preserved monitoring reference component","Preserved and visible in solution"
"src/EJLive.Monitoring.WinForms/EJLive.Monitoring.WinForms.csproj","EJLive.Monitoring.WinForms","ProjectDefinition","Monitoring dashboard, reporting visualization, or preserved monitoring reference component","Loads in Visual Studio or owns linked items"
"src/EJLive.Monitoring.WinForms/EJLive.Monitoring.WinForms.csproj.user","EJLive.Monitoring.WinForms","ContentOrMetadataReference","Monitoring dashboard, reporting visualization, or preserved monitoring reference component","Preserved and visible in solution"
"src/EJLive.Monitoring.WinForms/MainDashboardForm.cs","EJLive.Monitoring.WinForms","ActiveCompile","Monitoring dashboard, reporting visualization, or preserved monitoring reference component","Runs now in buildable project"
"src/EJLive.Monitoring.WinForms/MainDashboardForm.Designer.cs","EJLive.Monitoring.WinForms","ReferenceSourceForFutureIntegration","Monitoring dashboard, reporting visualization, or preserved monitoring reference component","Preserved in owning project for future cleanup and promotion to Compile"
"src/EJLive.Monitoring.WinForms/MainDashboardForm.resx","EJLive.Monitoring.WinForms","ContentOrMetadataReference","Monitoring dashboard, reporting visualization, or preserved monitoring reference component","Preserved and visible in solution"
"src/EJLive.Monitoring.WinForms/Models/DashboardModels.cs","EJLive.Monitoring.WinForms","ActiveCompile","Monitoring dashboard, reporting visualization, or preserved monitoring reference component","Runs now in buildable project"
"src/EJLive.Monitoring.WinForms/packages.config","EJLive.Monitoring.WinForms","ContentOrMetadataReference","Monitoring dashboard, reporting visualization, or preserved monitoring reference component","Preserved and visible in solution"
"src/EJLive.Monitoring.WinForms/Program.cs","EJLive.Monitoring.WinForms","ActiveCompile","Monitoring dashboard, reporting visualization, or preserved monitoring reference component","Runs now in buildable project"
"src/EJLive.Monitoring.WinForms/Properties/AssemblyInfo.cs","EJLive.Monitoring.WinForms","ActiveCompile","Monitoring dashboard, reporting visualization, or preserved monitoring reference component","Runs now in buildable project"
"src/EJLive.Monitoring.WinForms/Properties/AssemblyInfo.cs.bak","EJLive.Monitoring.WinForms","ContentOrMetadataReference","Monitoring dashboard, reporting visualization, or preserved monitoring reference component","Preserved and visible in solution"
"src/EJLive.Server.WinForms/app.config","EJLive.Server.WinForms","ContentOrMetadataReference","Server/NOC UI, remote command, archive, report, sync, or preserved server reference component","Preserved and visible in solution"
"src/EJLive.Server.WinForms/ATMCardPanel.cs","EJLive.Server.WinForms","ReferenceSourceForFutureIntegration","Server/NOC UI, remote command, archive, report, sync, or preserved server reference component","Preserved in owning project for future cleanup and promotion to Compile"
"src/EJLive.Server.WinForms/ATMDetailDrawerForm.cs","EJLive.Server.WinForms","ReferenceSourceForFutureIntegration","Server/NOC UI, remote command, archive, report, sync, or preserved server reference component","Preserved in owning project for future cleanup and promotion to Compile"
"src/EJLive.Server.WinForms/ATMDetailDrawerForm.Designer.cs","EJLive.Server.WinForms","ReferenceSourceForFutureIntegration","Server/NOC UI, remote command, archive, report, sync, or preserved server reference component","Preserved in owning project for future cleanup and promotion to Compile"
"src/EJLive.Server.WinForms/ATMDetailForm.cs","EJLive.Server.WinForms","ReferenceSourceForFutureIntegration","Server/NOC UI, remote command, archive, report, sync, or preserved server reference component","Preserved in owning project for future cleanup and promotion to Compile"
"src/EJLive.Server.WinForms/ATMDetailForm.Designer.cs","EJLive.Server.WinForms","ReferenceSourceForFutureIntegration","Server/NOC UI, remote command, archive, report, sync, or preserved server reference component","Preserved in owning project for future cleanup and promotion to Compile"
"src/EJLive.Server.WinForms/EJLive.Server.WinForms.csproj","EJLive.Server.WinForms","ProjectDefinition","Server/NOC UI, remote command, archive, report, sync, or preserved server reference component","Loads in Visual Studio or owns linked items"
"src/EJLive.Server.WinForms/EJLive.Server.WinForms.csproj.user","EJLive.Server.WinForms","ContentOrMetadataReference","Server/NOC UI, remote command, archive, report, sync, or preserved server reference component","Preserved and visible in solution"
"src/EJLive.Server.WinForms/JournalSyncDashboardForm.cs","EJLive.Server.WinForms","ReferenceSourceForFutureIntegration","Server/NOC UI, remote command, archive, report, sync, or preserved server reference component","Preserved in owning project for future cleanup and promotion to Compile"
"src/EJLive.Server.WinForms/JournalSyncDashboardForm.resx","EJLive.Server.WinForms","ContentOrMetadataReference","Server/NOC UI, remote command, archive, report, sync, or preserved server reference component","Preserved and visible in solution"
"src/EJLive.Server.WinForms/JournalViewerForm.cs","EJLive.Server.WinForms","ReferenceSourceForFutureIntegration","Server/NOC UI, remote command, archive, report, sync, or preserved server reference component","Preserved in owning project for future cleanup and promotion to Compile"
"src/EJLive.Server.WinForms/JournalViewerForm.Designer.cs","EJLive.Server.WinForms","ReferenceSourceForFutureIntegration","Server/NOC UI, remote command, archive, report, sync, or preserved server reference component","Preserved in owning project for future cleanup and promotion to Compile"
"src/EJLive.Server.WinForms/packages.config","EJLive.Server.WinForms","ContentOrMetadataReference","Server/NOC UI, remote command, archive, report, sync, or preserved server reference component","Preserved and visible in solution"
"src/EJLive.Server.WinForms/Program.cs","EJLive.Server.WinForms","ActiveCompile","Server/NOC UI, remote command, archive, report, sync, or preserved server reference component","Runs now in buildable project"
"src/EJLive.Server.WinForms/Properties/AssemblyInfo.cs","EJLive.Server.WinForms","ActiveCompile","Server/NOC UI, remote command, archive, report, sync, or preserved server reference component","Runs now in buildable project"
"src/EJLive.Server.WinForms/Properties/AssemblyInfo.cs.bak","EJLive.Server.WinForms","ContentOrMetadataReference","Server/NOC UI, remote command, archive, report, sync, or preserved server reference component","Preserved and visible in solution"
"src/EJLive.Server.WinForms/ServerMainForm.cs","EJLive.Server.WinForms","ActiveCompile","Server/NOC UI, remote command, archive, report, sync, or preserved server reference component","Runs now in buildable project"
"src/EJLive.Server.WinForms/ServerMainForm.Designer.cs","EJLive.Server.WinForms","ReferenceSourceForFutureIntegration","Server/NOC UI, remote command, archive, report, sync, or preserved server reference component","Preserved in owning project for future cleanup and promotion to Compile"
"src/EJLive.Server.WinForms/Services/ArchiveManager.cs","EJLive.Server.WinForms","ReferenceSourceForFutureIntegration","Server/NOC UI, remote command, archive, report, sync, or preserved server reference component","Preserved in owning project for future cleanup and promotion to Compile"
"src/EJLive.Server.WinForms/Services/EJServer.cs","EJLive.Server.WinForms","ReferenceSourceForFutureIntegration","Server/NOC UI, remote command, archive, report, sync, or preserved server reference component","Preserved in owning project for future cleanup and promotion to Compile"
"src/EJLive.Server.WinForms/Services/EJServerService.cs","EJLive.Server.WinForms","ReferenceSourceForFutureIntegration","Server/NOC UI, remote command, archive, report, sync, or preserved server reference component","Preserved in owning project for future cleanup and promotion to Compile"
"src/EJLive.Server.WinForms/SyncDashboardForm.cs","EJLive.Server.WinForms","ReferenceSourceForFutureIntegration","Server/NOC UI, remote command, archive, report, sync, or preserved server reference component","Preserved in owning project for future cleanup and promotion to Compile"
"src/EJLive.Server.WinForms/SyncDashboardForm.Designer.cs","EJLive.Server.WinForms","ReferenceSourceForFutureIntegration","Server/NOC UI, remote command, archive, report, sync, or preserved server reference component","Preserved in owning project for future cleanup and promotion to Compile"
"src/EJLive.Server/ServerMainForm.cs","EJLive.LegacyReference","LinkedFutureModuleReference","Legacy standalone server UI/services preserved for future independent module integration","Preserved independently for later module extraction and API adaptation"
"src/EJLive.Server/Services/JournalAnalyticsService.cs","EJLive.LegacyReference","LinkedFutureModuleReference","Legacy standalone server UI/services preserved for future independent module integration","Preserved independently for later module extraction and API adaptation"
"src/EJLive.Server/Services/RemoteControlService.cs","EJLive.LegacyReference","LinkedFutureModuleReference","Legacy standalone server UI/services preserved for future independent module integration","Preserved independently for later module extraction and API adaptation"
"src/EJLive.Setup/SetupWizardForm.cs","EJLive.Installer.WinForms + EJLive.LegacyReference","CompiledViaInstallerAndLinkedReference","Setup wizard source linked into installer and preserved for independent future project","Runs now through installer; preserved for future standalone setup project"
"src/EJLive.Shared/App.config","EJLive.Shared","ContentOrMetadataReference","Shared helper, logging, retry, security, theme, or compatibility reference","Preserved and visible in solution"
"src/EJLive.Shared/AppLogger.cs","EJLive.Shared","ActiveCompile","Shared helper, logging, retry, security, theme, or compatibility reference","Runs now in buildable project"
"src/EJLive.Shared/DateTimeHelper.cs","EJLive.Shared","ActiveCompile","Shared helper, logging, retry, security, theme, or compatibility reference","Runs now in buildable project"
"src/EJLive.Shared/EJLive.Shared.csproj","EJLive.Shared","ProjectDefinition","Shared helper, logging, retry, security, theme, or compatibility reference","Loads in Visual Studio or owns linked items"
"src/EJLive.Shared/EJLive.Shared.csproj.bak","EJLive.Shared","ContentOrMetadataReference","Shared helper, logging, retry, security, theme, or compatibility reference","Preserved and visible in solution"
"src/EJLive.Shared/LightUiTheme.cs","EJLive.Shared","ReferenceSourceForFutureIntegration","Shared helper, logging, retry, security, theme, or compatibility reference","Preserved in owning project for future cleanup and promotion to Compile"
"src/EJLive.Shared/Logger.cs","EJLive.Shared","ReferenceSourceForFutureIntegration","Shared helper, logging, retry, security, theme, or compatibility reference","Preserved in owning project for future cleanup and promotion to Compile"
"src/EJLive.Shared/MonitoringState.cs","EJLive.Shared","ReferenceSourceForFutureIntegration","Shared helper, logging, retry, security, theme, or compatibility reference","Preserved in owning project for future cleanup and promotion to Compile"
"src/EJLive.Shared/MonitoringStateStore.cs","EJLive.Shared","ReferenceSourceForFutureIntegration","Shared helper, logging, retry, security, theme, or compatibility reference","Preserved in owning project for future cleanup and promotion to Compile"
"src/EJLive.Shared/packages.config","EJLive.Shared","ContentOrMetadataReference","Shared helper, logging, retry, security, theme, or compatibility reference","Preserved and visible in solution"
"src/EJLive.Shared/Properties/AssemblyInfo.cs","EJLive.Shared","ActiveCompile","Shared helper, logging, retry, security, theme, or compatibility reference","Runs now in buildable project"
"src/EJLive.Shared/Properties/AssemblyInfo.cs.bak","EJLive.Shared","ContentOrMetadataReference","Shared helper, logging, retry, security, theme, or compatibility reference","Preserved and visible in solution"
"src/EJLive.Shared/RetryPolicy.cs","EJLive.Shared","ActiveCompile","Shared helper, logging, retry, security, theme, or compatibility reference","Runs now in buildable project"
"src/EJLive.Shared/SecurityHelper.cs","EJLive.Shared","ActiveCompile","Shared helper, logging, retry, security, theme, or compatibility reference","Runs now in buildable project"
"src/EJLive.Shared/SecurityHelper.cs.bak","EJLive.Shared","ContentOrMetadataReference","Shared helper, logging, retry, security, theme, or compatibility reference","Preserved and visible in solution"
"src/EJLive.Verification/EJLive.Verification.csproj","EJLive.Verification","ProjectDefinition","Automated runtime and linkage verification","Loads in Visual Studio or owns linked items"
"src/EJLive.Verification/Program.cs","EJLive.Verification","ActiveCompile","Automated runtime and linkage verification","Runs now in buildable project"
"tools/Audit-ProjectFileLinkage.ps1","EJLive.LegacyReference","LinkedTool","Build, run, verification, or audit automation","Usable automation asset"
"tools/Build-All.ps1","EJLive.LegacyReference","LinkedTool","Build, run, verification, or audit automation","Usable automation asset"
"tools/Run-Client.ps1","EJLive.LegacyReference","LinkedTool","Build, run, verification, or audit automation","Usable automation asset"
"tools/Run-Server.ps1","EJLive.LegacyReference","LinkedTool","Build, run, verification, or audit automation","Usable automation asset"
"tools/Verify-EJLive.ps1","EJLive.LegacyReference","LinkedTool","Build, run, verification, or audit automation","Usable automation asset"
