"Path","LayerOrArea","FunctionalRole"
".gitattributes","Workspace","Repository root artifact or preserved workspace file"
"AGENTS.md","Workspace","Repository root artifact or preserved workspace file"
"AGENTS_MEMORY_APPENDIX.md","Workspace","Repository root artifact or preserved workspace file"
"codex-plugin-manifest.json","Workspace","Repository root artifact or preserved workspace file"
"Directory.Build.props","Workspace","Repository root artifact or preserved workspace file"
"EJLive.Unified.sln","Workspace","Repository root artifact or preserved workspace file"
"EJLive.Unified.slnx","Workspace","Repository root artifact or preserved workspace file"
"EJLive_MASTER_PROMPT.md","Workspace","Repository root artifact or preserved workspace file"
"GITHUB_ISSUES_COPYPASTE_ALL_45.md","Workspace","Repository root artifact or preserved workspace file"
"MASTER_COMMAND_INDEX.md","Workspace","Repository root artifact or preserved workspace file"
"MCP_PLUGINS_RECOMMENDED.md","Workspace","Repository root artifact or preserved workspace file"
"README.md","Workspace","Repository root artifact or preserved workspace file"
"README_APPLY.md","Workspace","Repository root artifact or preserved workspace file"
"README_FIX.md","Workspace","Repository root artifact or preserved workspace file"
"README_INSTALL.md","Workspace","Repository root artifact or preserved workspace file"
".github/pull_request_template.md","GitHub Workflow Metadata","GitHub issue or pull request workflow metadata"
".github/ISSUE_TEMPLATE/ejlive_codex_task.md","GitHub Workflow Metadata","GitHub issue or pull request workflow metadata"
"commands/001_Source_Truth_and_Baseline_Gate.md","Task Commands","Codex task command definition"
"commands/002_Active_Compile_Map_Synchronizer.md","Task Commands","Codex task command definition"
"commands/003_Client_Service_Headless_Foundation.md","Task Commands","Codex task command definition"
"commands/004_UI_Backend_Separation_Gate.md","Task Commands","Codex task command definition"
"commands/005_Agent_Controller_Runtime.md","Task Commands","Codex task command definition"
"commands/006_Secure_Handshake_Service.md","Task Commands","Codex task command definition"
"commands/007_Heartbeat_and_Pulse_Reliability.md","Task Commands","Codex task command definition"
"commands/008_Advanced_File_Watcher_and_Safe_Live_File_Reader.md","Task Commands","Codex task command definition"
"commands/009_Journal_Outbox_Compatibility_Adapter.md","Task Commands","Codex task command definition"
"commands/010_Reliable_Chunked_Transfer_Session.md","Task Commands","Codex task command definition"
"commands/011_Server_Ingestion_Pipeline.md","Task Commands","Codex task command definition"
"commands/012_EJ_Parser_Registry_and_Contracts.md","Task Commands","Codex task command definition"
"commands/013_NCR_EJ_Transaction_Parser.md","Task Commands","Codex task command definition"
"commands/014_GRG_EJ_TRACE_Parser.md","Task Commands","Codex task command definition"
"commands/015_Wincor_ProView_EJ_Parser_Skeleton.md","Task Commands","Codex task command definition"
"commands/016_Diebold_Agilis_EJ_Parser_Skeleton.md","Task Commands","Codex task command definition"
"commands/017_Hyosung_EJ_Parser_Skeleton.md","Task Commands","Codex task command definition"
"commands/018_Cash_Distribution_and_Counters_Parser.md","Task Commands","Codex task command definition"
"commands/019_XFS_Normalization_Contracts.md","Task Commands","Codex task command definition"
"commands/020_NCR_XFS_Adapter.md","Task Commands","Codex task command definition"
"commands/021_GRG_XFS_Adapter.md","Task Commands","Codex task command definition"
"commands/022_Wincor_XFS_Adapter.md","Task Commands","Codex task command definition"
"commands/023_Diebold_XFS_Adapter.md","Task Commands","Codex task command definition"
"commands/024_Hyosung_XFS_Adapter.md","Task Commands","Codex task command definition"
"commands/025_EJ_XFS_TRACE_Correlation_Engine.md","Task Commands","Codex task command definition"
"commands/026_Safe_Remote_Command_Queue.md","Task Commands","Codex task command definition"
"commands/027_Windows_Policy_Enforcer_Audit_Mode.md","Task Commands","Codex task command definition"
"commands/028_RDP_Shadow_Remote_Assistance_Governance.md","Task Commands","Codex task command definition"
"commands/029_File_Image_Distribution_Service.md","Task Commands","Codex task command definition"
"commands/030_Screenshot_Capture_Delivery.md","Task Commands","Codex task command definition"
"commands/031_Server_Dashboard_Snapshot_Model.md","Task Commands","Codex task command definition"
"commands/032_ATM_Vendor_Strategy_Registry.md","Task Commands","Codex task command definition"
"commands/033_Database_Migrations_Runner.md","Task Commands","Codex task command definition"
"commands/034_Structured_Logging_and_Correlation_IDs.md","Task Commands","Codex task command definition"
"commands/035_Security_Hardening_and_Secrets.md","Task Commands","Codex task command definition"
"commands/036_Local_ATM_Health_Snapshot.md","Task Commands","Codex task command definition"
"commands/037_Outbox_Maintenance_and_Quota.md","Task Commands","Codex task command definition"
"commands/038_Server_Command_Retry_and_Delivery_Tracking.md","Task Commands","Codex task command definition"
"commands/039_ATM_Journal_Request_Service.md","Task Commands","Codex task command definition"
"commands/040_Time_Sync_Service.md","Task Commands","Codex task command definition"
"commands/041_Installer_Deployment_Rollback.md","Task Commands","Codex task command definition"
"commands/042_Reference_Promotion_Protocol.md","Task Commands","Codex task command definition"
"commands/043_NOC_Dashboard_UI_Upgrade_After_Snapshot.md","Task Commands","Codex task command definition"
"commands/044_Regression_Verification_Gate.md","Task Commands","Codex task command definition"
"commands/045_Final_Packaging_and_Release_Readiness.md","Task Commands","Codex task command definition"
"docs/01-architecture.md","Documentation","Architecture, audit, checklist, or generated file inventory documentation"
"docs/02-data-flow.md","Documentation","Architecture, audit, checklist, or generated file inventory documentation"
"docs/03-final-checklist.md","Documentation","Architecture, audit, checklist, or generated file inventory documentation"
"docs/04-original-project-sequential-audit.md","Documentation","Architecture, audit, checklist, or generated file inventory documentation"
"docs/05-duplicate-and-promotion-map.md","Documentation","Architecture, audit, checklist, or generated file inventory documentation"
"docs/06-client-v5-enhanced-integration.md","Documentation","Architecture, audit, checklist, or generated file inventory documentation"
"docs/07-current-base-project-validation.md","Documentation","Architecture, audit, checklist, or generated file inventory documentation"
"docs/08-final-readiness-review.md","Documentation","Architecture, audit, checklist, or generated file inventory documentation"
"docs/09-file-function-inventory.csv","Documentation","Architecture, audit, checklist, or generated file inventory documentation"
"docs/10-reference-only-service-audit.csv","Documentation","Architecture, audit, checklist, or generated file inventory documentation"
"docs/11-unified-rebuild-final-report.md","Documentation","Architecture, audit, checklist, or generated file inventory documentation"
"docs/12-service-activation-status.csv","Documentation","Architecture, audit, checklist, or generated file inventory documentation"
"docs/phase2-source-of-truth.md","Documentation","Architecture, audit, checklist, or generated file inventory documentation"
"docs/docchatgpt/analysis_notes.md","Documentation","Architecture, audit, checklist, or generated file inventory documentation"
"docs/docchatgpt/ARCHITECTURE.md","Documentation","Architecture, audit, checklist, or generated file inventory documentation"
"docs/docchatgpt/BUILD_INSTRUCTIONS (2).md","Documentation","Architecture, audit, checklist, or generated file inventory documentation"
"docs/docchatgpt/BUILD_INSTRUCTIONS.md","Documentation","Architecture, audit, checklist, or generated file inventory documentation"
"docs/docchatgpt/EJLive_Enterprise_Master_Document (1).md","Documentation","Architecture, audit, checklist, or generated file inventory documentation"
"docs/docchatgpt/EJLive_UI_Design_System.md","Documentation","Architecture, audit, checklist, or generated file inventory documentation"
"docs/docchatgpt/FIX_NUGET_NOW.md","Documentation","Architecture, audit, checklist, or generated file inventory documentation"
"docs/docchatgpt/GETTING_STARTED.md","Documentation","Architecture, audit, checklist, or generated file inventory documentation"
"docs/docchatgpt/IMPLEMENTATION_SUMMARY_AR.md","Documentation","Architecture, audit, checklist, or generated file inventory documentation"
"docs/docchatgpt/MERGE_ANALYSIS.md","Documentation","Architecture, audit, checklist, or generated file inventory documentation"
"docs/docchatgpt/new_features_analysis.md","Documentation","Architecture, audit, checklist, or generated file inventory documentation"
"docs/docchatgpt/PROJECT_DOCUMENTATION.md","Documentation","Architecture, audit, checklist, or generated file inventory documentation"
"docs/docchatgpt/README (2).md","Documentation","Architecture, audit, checklist, or generated file inventory documentation"
"docs/docchatgpt/README.md","Documentation","Architecture, audit, checklist, or generated file inventory documentation"
"docs/docchatgpt/README_BUILD_INSTRUCTIONS.md","Documentation","Architecture, audit, checklist, or generated file inventory documentation"
"docs/docchatgpt/RUN_DIRECTLY (2).md","Documentation","Architecture, audit, checklist, or generated file inventory documentation"
"docs/docchatgpt/RUN_DIRECTLY.md","Documentation","Architecture, audit, checklist, or generated file inventory documentation"
"docs/docchatgpt/SYSTEM_ANALYSIS.md","Documentation","Architecture, audit, checklist, or generated file inventory documentation"
"docs/docchatgpt/TROUBLESHOOT_VS.md","Documentation","Architecture, audit, checklist, or generated file inventory documentation"
"docs/docchatgpt/VISUAL_STUDIO_BUILD.md","Documentation","Architecture, audit, checklist, or generated file inventory documentation"
"docs/docchatgpt/docProps/app (2).xml","Documentation","Architecture, audit, checklist, or generated file inventory documentation"
"docs/docchatgpt/docProps/app (3).xml","Documentation","Architecture, audit, checklist, or generated file inventory documentation"
"docs/docchatgpt/docProps/app (4).xml","Documentation","Architecture, audit, checklist, or generated file inventory documentation"
"docs/docchatgpt/docProps/app.xml","Documentation","Architecture, audit, checklist, or generated file inventory documentation"
"docs/docchatgpt/docProps/core (2).xml","Documentation","Architecture, audit, checklist, or generated file inventory documentation"
"docs/docchatgpt/docProps/core (3).xml","Documentation","Architecture, audit, checklist, or generated file inventory documentation"
"docs/docchatgpt/docProps/core (4).xml","Documentation","Architecture, audit, checklist, or generated file inventory documentation"
"docs/docchatgpt/docProps/core.xml","Documentation","Architecture, audit, checklist, or generated file inventory documentation"
"docs/docchatgpt/docProps/custom (2).xml","Documentation","Architecture, audit, checklist, or generated file inventory documentation"
"docs/docchatgpt/docProps/custom (3).xml","Documentation","Architecture, audit, checklist, or generated file inventory documentation"
"docs/docchatgpt/docProps/custom (4).xml","Documentation","Architecture, audit, checklist, or generated file inventory documentation"
"docs/docchatgpt/docProps/custom.xml","Documentation","Architecture, audit, checklist, or generated file inventory documentation"
"docs/docchatgpt/docs/coder01-gap-analysis (2).md","Documentation","Architecture, audit, checklist, or generated file inventory documentation"
"docs/docchatgpt/docs/coder01-gap-analysis (3).md","Documentation","Architecture, audit, checklist, or generated file inventory documentation"
"docs/docchatgpt/docs/coder01-gap-analysis (4).md","Documentation","Architecture, audit, checklist, or generated file inventory documentation"
"docs/docchatgpt/docs/coder01-gap-analysis (5).md","Documentation","Architecture, audit, checklist, or generated file inventory documentation"
"docs/docchatgpt/docs/coder01-gap-analysis.md","Documentation","Architecture, audit, checklist, or generated file inventory documentation"
"docs/docchatgpt/docs/diebold-status-reference-extracted (2).md","Documentation","Architecture, audit, checklist, or generated file inventory documentation"
"docs/docchatgpt/docs/diebold-status-reference-extracted (3).md","Documentation","Architecture, audit, checklist, or generated file inventory documentation"
"docs/docchatgpt/docs/diebold-status-reference-extracted (4).md","Documentation","Architecture, audit, checklist, or generated file inventory documentation"
"docs/docchatgpt/docs/diebold-status-reference-extracted (5).md","Documentation","Architecture, audit, checklist, or generated file inventory documentation"
"docs/docchatgpt/docs/diebold-status-reference-extracted.md","Documentation","Architecture, audit, checklist, or generated file inventory documentation"
"docs/docchatgpt/docs/ejlive-debug-log-analysis (2).md","Documentation","Architecture, audit, checklist, or generated file inventory documentation"
"docs/docchatgpt/docs/ejlive-debug-log-analysis (3).md","Documentation","Architecture, audit, checklist, or generated file inventory documentation"
"docs/docchatgpt/docs/ejlive-debug-log-analysis (4).md","Documentation","Architecture, audit, checklist, or generated file inventory documentation"
"docs/docchatgpt/docs/ejlive-debug-log-analysis (5).md","Documentation","Architecture, audit, checklist, or generated file inventory documentation"
"docs/docchatgpt/docs/ejlive-debug-log-analysis.md","Documentation","Architecture, audit, checklist, or generated file inventory documentation"
"docs/docchatgpt/docs/ejlive-excel-requirements-analysis (2).md","Documentation","Architecture, audit, checklist, or generated file inventory documentation"
"docs/docchatgpt/docs/ejlive-excel-requirements-analysis (3).md","Documentation","Architecture, audit, checklist, or generated file inventory documentation"
"docs/docchatgpt/docs/ejlive-excel-requirements-analysis (4).md","Documentation","Architecture, audit, checklist, or generated file inventory documentation"
"docs/docchatgpt/docs/ejlive-excel-requirements-analysis (5).md","Documentation","Architecture, audit, checklist, or generated file inventory documentation"
"docs/docchatgpt/docs/ejlive-excel-requirements-analysis.md","Documentation","Architecture, audit, checklist, or generated file inventory documentation"
"docs/docchatgpt/docs/ejlive-mergedtrace-analysis (2).md","Documentation","Architecture, audit, checklist, or generated file inventory documentation"
"docs/docchatgpt/docs/ejlive-mergedtrace-analysis (3).md","Documentation","Architecture, audit, checklist, or generated file inventory documentation"
"docs/docchatgpt/docs/ejlive-mergedtrace-analysis (4).md","Documentation","Architecture, audit, checklist, or generated file inventory documentation"
"docs/docchatgpt/docs/ejlive-mergedtrace-analysis (5).md","Documentation","Architecture, audit, checklist, or generated file inventory documentation"
"docs/docchatgpt/docs/ejlive-mergedtrace-analysis.md","Documentation","Architecture, audit, checklist, or generated file inventory documentation"
"docs/docchatgpt/docs/ejlive-monitoring-backlog (2).md","Documentation","Architecture, audit, checklist, or generated file inventory documentation"
"docs/docchatgpt/docs/ejlive-monitoring-backlog (3).md","Documentation","Architecture, audit, checklist, or generated file inventory documentation"
"docs/docchatgpt/docs/ejlive-monitoring-backlog (4).md","Documentation","Architecture, audit, checklist, or generated file inventory documentation"
"docs/docchatgpt/docs/ejlive-monitoring-backlog (5).md","Documentation","Architecture, audit, checklist, or generated file inventory documentation"
"docs/docchatgpt/docs/ejlive-monitoring-backlog.md","Documentation","Architecture, audit, checklist, or generated file inventory documentation"
"docs/docchatgpt/docs/ejlive-multi-vendor-log-scope (2).md","Documentation","Architecture, audit, checklist, or generated file inventory documentation"
"docs/docchatgpt/docs/ejlive-multi-vendor-log-scope (3).md","Documentation","Architecture, audit, checklist, or generated file inventory documentation"
"docs/docchatgpt/docs/ejlive-multi-vendor-log-scope (4).md","Documentation","Architecture, audit, checklist, or generated file inventory documentation"
"docs/docchatgpt/docs/ejlive-multi-vendor-log-scope (5).md","Documentation","Architecture, audit, checklist, or generated file inventory documentation"
"docs/docchatgpt/docs/ejlive-multi-vendor-log-scope.md","Documentation","Architecture, audit, checklist, or generated file inventory documentation"
"docs/docchatgpt/docs/ejlive-ncr-deep-analysis (2).md","Documentation","Architecture, audit, checklist, or generated file inventory documentation"
"docs/docchatgpt/docs/ejlive-ncr-deep-analysis (3).md","Documentation","Architecture, audit, checklist, or generated file inventory documentation"
"docs/docchatgpt/docs/ejlive-ncr-deep-analysis (4).md","Documentation","Architecture, audit, checklist, or generated file inventory documentation"
"docs/docchatgpt/docs/ejlive-ncr-deep-analysis (5).md","Documentation","Architecture, audit, checklist, or generated file inventory documentation"
"docs/docchatgpt/docs/ejlive-ncr-deep-analysis.md","Documentation","Architecture, audit, checklist, or generated file inventory documentation"
"docs/docchatgpt/docs/ejlive-root-vendor-analysis (2).md","Documentation","Architecture, audit, checklist, or generated file inventory documentation"
"docs/docchatgpt/docs/ejlive-root-vendor-analysis (3).md","Documentation","Architecture, audit, checklist, or generated file inventory documentation"
"docs/docchatgpt/docs/ejlive-root-vendor-analysis (4).md","Documentation","Architecture, audit, checklist, or generated file inventory documentation"
"docs/docchatgpt/docs/ejlive-root-vendor-analysis (5).md","Documentation","Architecture, audit, checklist, or generated file inventory documentation"
"docs/docchatgpt/docs/ejlive-root-vendor-analysis.md","Documentation","Architecture, audit, checklist, or generated file inventory documentation"
"docs/docchatgpt/docs/ejlive-xfs-research-requirements (2).md","Documentation","Architecture, audit, checklist, or generated file inventory documentation"
"docs/docchatgpt/docs/ejlive-xfs-research-requirements (3).md","Documentation","Architecture, audit, checklist, or generated file inventory documentation"
"docs/docchatgpt/docs/ejlive-xfs-research-requirements (4).md","Documentation","Architecture, audit, checklist, or generated file inventory documentation"
"docs/docchatgpt/docs/ejlive-xfs-research-requirements (5).md","Documentation","Architecture, audit, checklist, or generated file inventory documentation"
"docs/docchatgpt/docs/ejlive-xfs-research-requirements.md","Documentation","Architecture, audit, checklist, or generated file inventory documentation"
"docs/docchatgpt/docs/EJLive_Enterprise_Master_Document (1).md","Documentation","Architecture, audit, checklist, or generated file inventory documentation"
"docs/docchatgpt/docs/LATEST_PACKAGE_NOTES.md","Documentation","Architecture, audit, checklist, or generated file inventory documentation"
"docs/docchatgpt/docs/ncr-status-message-reference-extracted (2).md","Documentation","Architecture, audit, checklist, or generated file inventory documentation"
"docs/docchatgpt/docs/ncr-status-message-reference-extracted (3).md","Documentation","Architecture, audit, checklist, or generated file inventory documentation"
"docs/docchatgpt/docs/ncr-status-message-reference-extracted (4).md","Documentation","Architecture, audit, checklist, or generated file inventory documentation"
"docs/docchatgpt/docs/ncr-status-message-reference-extracted (5).md","Documentation","Architecture, audit, checklist, or generated file inventory documentation"
"docs/docchatgpt/docs/ncr-status-message-reference-extracted.md","Documentation","Architecture, audit, checklist, or generated file inventory documentation"
"docs/docchatgpt/docs/docs/BUILD_INSTRUCTIONS.md","Documentation","Architecture, audit, checklist, or generated file inventory documentation"
"docs/docchatgpt/docs/docs/coder01-gap-analysis.md","Documentation","Architecture, audit, checklist, or generated file inventory documentation"
"docs/docchatgpt/docs/docs/diebold-status-reference-extracted.md","Documentation","Architecture, audit, checklist, or generated file inventory documentation"
"docs/docchatgpt/docs/docs/ejlive-debug-log-analysis.md","Documentation","Architecture, audit, checklist, or generated file inventory documentation"
"docs/docchatgpt/docs/docs/ejlive-excel-requirements-analysis.md","Documentation","Architecture, audit, checklist, or generated file inventory documentation"
"docs/docchatgpt/docs/docs/ejlive-mergedtrace-analysis.md","Documentation","Architecture, audit, checklist, or generated file inventory documentation"
"docs/docchatgpt/docs/docs/ejlive-monitoring-backlog.md","Documentation","Architecture, audit, checklist, or generated file inventory documentation"
"docs/docchatgpt/docs/docs/ejlive-multi-vendor-log-scope.md","Documentation","Architecture, audit, checklist, or generated file inventory documentation"
"docs/docchatgpt/docs/docs/ejlive-ncr-deep-analysis.md","Documentation","Architecture, audit, checklist, or generated file inventory documentation"
"docs/docchatgpt/docs/docs/ejlive-root-vendor-analysis.md","Documentation","Architecture, audit, checklist, or generated file inventory documentation"
"docs/docchatgpt/docs/docs/ejlive-xfs-research-requirements.md","Documentation","Architecture, audit, checklist, or generated file inventory documentation"
"docs/docchatgpt/docs/docs/EJLive_Enterprise_Master_Document (1).md","Documentation","Architecture, audit, checklist, or generated file inventory documentation"
"docs/docchatgpt/docs/docs/ncr-status-message-reference-extracted.md","Documentation","Architecture, audit, checklist, or generated file inventory documentation"
"docs/docchatgpt/_reference/docchatgpt/docProps/app (2).xml","Documentation","Architecture, audit, checklist, or generated file inventory documentation"
"docs/docchatgpt/_reference/docchatgpt/docProps/app (3).xml","Documentation","Architecture, audit, checklist, or generated file inventory documentation"
"docs/docchatgpt/_reference/docchatgpt/docProps/app.xml","Documentation","Architecture, audit, checklist, or generated file inventory documentation"
"docs/docchatgpt/_reference/docchatgpt/docProps/core (2).xml","Documentation","Architecture, audit, checklist, or generated file inventory documentation"
"docs/docchatgpt/_reference/docchatgpt/docProps/core (3).xml","Documentation","Architecture, audit, checklist, or generated file inventory documentation"
"docs/docchatgpt/_reference/docchatgpt/docProps/core.xml","Documentation","Architecture, audit, checklist, or generated file inventory documentation"
"docs/docchatgpt/_reference/docchatgpt/docProps/custom (2).xml","Documentation","Architecture, audit, checklist, or generated file inventory documentation"
"docs/docchatgpt/_reference/docchatgpt/docProps/custom (3).xml","Documentation","Architecture, audit, checklist, or generated file inventory documentation"
"docs/docchatgpt/_reference/docchatgpt/docProps/custom.xml","Documentation","Architecture, audit, checklist, or generated file inventory documentation"
"docs/docchatgpt/_reference/docchatgpt/docs/coder01-gap-analysis (2).md","Documentation","Architecture, audit, checklist, or generated file inventory documentation"
"docs/docchatgpt/_reference/docchatgpt/docs/coder01-gap-analysis (3).md","Documentation","Architecture, audit, checklist, or generated file inventory documentation"
"docs/docchatgpt/_reference/docchatgpt/docs/coder01-gap-analysis.md","Documentation","Architecture, audit, checklist, or generated file inventory documentation"
"docs/docchatgpt/_reference/docchatgpt/docs/diebold-status-reference-extracted (2).md","Documentation","Architecture, audit, checklist, or generated file inventory documentation"
"docs/docchatgpt/_reference/docchatgpt/docs/diebold-status-reference-extracted (3).md","Documentation","Architecture, audit, checklist, or generated file inventory documentation"
"docs/docchatgpt/_reference/docchatgpt/docs/diebold-status-reference-extracted.md","Documentation","Architecture, audit, checklist, or generated file inventory documentation"
"docs/docchatgpt/_reference/docchatgpt/docs/ejlive-debug-log-analysis (2).md","Documentation","Architecture, audit, checklist, or generated file inventory documentation"
"docs/docchatgpt/_reference/docchatgpt/docs/ejlive-debug-log-analysis (3).md","Documentation","Architecture, audit, checklist, or generated file inventory documentation"
"docs/docchatgpt/_reference/docchatgpt/docs/ejlive-debug-log-analysis.md","Documentation","Architecture, audit, checklist, or generated file inventory documentation"
"docs/docchatgpt/_reference/docchatgpt/docs/ejlive-excel-requirements-analysis (2).md","Documentation","Architecture, audit, checklist, or generated file inventory documentation"
"docs/docchatgpt/_reference/docchatgpt/docs/ejlive-excel-requirements-analysis (3).md","Documentation","Architecture, audit, checklist, or generated file inventory documentation"
"docs/docchatgpt/_reference/docchatgpt/docs/ejlive-excel-requirements-analysis.md","Documentation","Architecture, audit, checklist, or generated file inventory documentation"
"docs/docchatgpt/_reference/docchatgpt/docs/ejlive-mergedtrace-analysis (2).md","Documentation","Architecture, audit, checklist, or generated file inventory documentation"
"docs/docchatgpt/_reference/docchatgpt/docs/ejlive-mergedtrace-analysis (3).md","Documentation","Architecture, audit, checklist, or generated file inventory documentation"
"docs/docchatgpt/_reference/docchatgpt/docs/ejlive-mergedtrace-analysis.md","Documentation","Architecture, audit, checklist, or generated file inventory documentation"
"docs/docchatgpt/_reference/docchatgpt/docs/ejlive-monitoring-backlog (2).md","Documentation","Architecture, audit, checklist, or generated file inventory documentation"
"docs/docchatgpt/_reference/docchatgpt/docs/ejlive-monitoring-backlog (3).md","Documentation","Architecture, audit, checklist, or generated file inventory documentation"
"docs/docchatgpt/_reference/docchatgpt/docs/ejlive-monitoring-backlog.md","Documentation","Architecture, audit, checklist, or generated file inventory documentation"
"docs/docchatgpt/_reference/docchatgpt/docs/ejlive-multi-vendor-log-scope (2).md","Documentation","Architecture, audit, checklist, or generated file inventory documentation"
"docs/docchatgpt/_reference/docchatgpt/docs/ejlive-multi-vendor-log-scope (3).md","Documentation","Architecture, audit, checklist, or generated file inventory documentation"
"docs/docchatgpt/_reference/docchatgpt/docs/ejlive-multi-vendor-log-scope.md","Documentation","Architecture, audit, checklist, or generated file inventory documentation"
"docs/docchatgpt/_reference/docchatgpt/docs/ejlive-ncr-deep-analysis (2).md","Documentation","Architecture, audit, checklist, or generated file inventory documentation"
"docs/docchatgpt/_reference/docchatgpt/docs/ejlive-ncr-deep-analysis (3).md","Documentation","Architecture, audit, checklist, or generated file inventory documentation"
"docs/docchatgpt/_reference/docchatgpt/docs/ejlive-ncr-deep-analysis.md","Documentation","Architecture, audit, checklist, or generated file inventory documentation"
"docs/docchatgpt/_reference/docchatgpt/docs/ejlive-root-vendor-analysis (2).md","Documentation","Architecture, audit, checklist, or generated file inventory documentation"
"docs/docchatgpt/_reference/docchatgpt/docs/ejlive-root-vendor-analysis (3).md","Documentation","Architecture, audit, checklist, or generated file inventory documentation"
"docs/docchatgpt/_reference/docchatgpt/docs/ejlive-root-vendor-analysis.md","Documentation","Architecture, audit, checklist, or generated file inventory documentation"
"docs/docchatgpt/_reference/docchatgpt/docs/ejlive-xfs-research-requirements (2).md","Documentation","Architecture, audit, checklist, or generated file inventory documentation"
"docs/docchatgpt/_reference/docchatgpt/docs/ejlive-xfs-research-requirements (3).md","Documentation","Architecture, audit, checklist, or generated file inventory documentation"
"docs/docchatgpt/_reference/docchatgpt/docs/ejlive-xfs-research-requirements.md","Documentation","Architecture, audit, checklist, or generated file inventory documentation"
"docs/docchatgpt/_reference/docchatgpt/docs/EJLive_Enterprise_Master_Document (1).md","Documentation","Architecture, audit, checklist, or generated file inventory documentation"
"docs/docchatgpt/_reference/docchatgpt/docs/LATEST_PACKAGE_NOTES.md","Documentation","Architecture, audit, checklist, or generated file inventory documentation"
"docs/docchatgpt/_reference/docchatgpt/docs/ncr-status-message-reference-extracted (2).md","Documentation","Architecture, audit, checklist, or generated file inventory documentation"
"docs/docchatgpt/_reference/docchatgpt/docs/ncr-status-message-reference-extracted (3).md","Documentation","Architecture, audit, checklist, or generated file inventory documentation"
"docs/docchatgpt/_reference/docchatgpt/docs/ncr-status-message-reference-extracted.md","Documentation","Architecture, audit, checklist, or generated file inventory documentation"
"docs/docs/01-architecture.md","Documentation","Architecture, audit, checklist, or generated file inventory documentation"
"docs/docs/01-source-analysis.md","Documentation","Architecture, audit, checklist, or generated file inventory documentation"
"docs/docs/02-architecture-map.md","Documentation","Architecture, audit, checklist, or generated file inventory documentation"
"docs/docs/02-data-flow.md","Documentation","Architecture, audit, checklist, or generated file inventory documentation"
"docs/docs/03-final-checklist.md","Documentation","Architecture, audit, checklist, or generated file inventory documentation"
"docs/docs/03-merge-notes.md","Documentation","Architecture, audit, checklist, or generated file inventory documentation"
"docs/docs/04-verification-checklist.md","Documentation","Architecture, audit, checklist, or generated file inventory documentation"
"docs/docs/05-attached-package-study.md","Documentation","Architecture, audit, checklist, or generated file inventory documentation"
"docs/docs/06-coder01-study.md","Documentation","Architecture, audit, checklist, or generated file inventory documentation"
"docs/docs/07-final-system-audit.md","Documentation","Architecture, audit, checklist, or generated file inventory documentation"
"docs/docs/08-file-linkage-map.md","Documentation","Architecture, audit, checklist, or generated file inventory documentation"
"docs/docs/09-file-function-inventory.csv","Documentation","Architecture, audit, checklist, or generated file inventory documentation"
"docs/docs/MEMORY.md","Documentation","Architecture, audit, checklist, or generated file inventory documentation"
"docs/original-audit/ChatGPT_ActiveTestPackage-file-manifest.csv","Documentation","Architecture, audit, checklist, or generated file inventory documentation"
"docs/original-audit/ChatGPT_ActiveTestPackage-project-dependencies.csv","Documentation","Architecture, audit, checklist, or generated file inventory documentation"
"docs/original-audit/ChatGPT_ActiveTestPackage-summary.md","Documentation","Architecture, audit, checklist, or generated file inventory documentation"
"docs/original-audit/ChatGPT_LatestWorkspace-file-manifest.csv","Documentation","Architecture, audit, checklist, or generated file inventory documentation"
"docs/original-audit/ChatGPT_LatestWorkspace-project-dependencies.csv","Documentation","Architecture, audit, checklist, or generated file inventory documentation"
"docs/original-audit/ChatGPT_LatestWorkspace-summary.md","Documentation","Architecture, audit, checklist, or generated file inventory documentation"
"docs/original-audit/Coder01-file-manifest.csv","Documentation","Architecture, audit, checklist, or generated file inventory documentation"
"docs/original-audit/Coder01-orginal-file-manifest.csv","Documentation","Architecture, audit, checklist, or generated file inventory documentation"
"docs/original-audit/Coder01-orginal-project-dependencies.csv","Documentation","Architecture, audit, checklist, or generated file inventory documentation"
"docs/original-audit/Coder01-orginal-summary.md","Documentation","Architecture, audit, checklist, or generated file inventory documentation"
"docs/original-audit/Coder01-project-dependencies.csv","Documentation","Architecture, audit, checklist, or generated file inventory documentation"
"docs/original-audit/Coder01-summary.md","Documentation","Architecture, audit, checklist, or generated file inventory documentation"
"docs/original-audit/Coder01_2-file-manifest.csv","Documentation","Architecture, audit, checklist, or generated file inventory documentation"
"docs/original-audit/Coder01_2-project-dependencies.csv","Documentation","Architecture, audit, checklist, or generated file inventory documentation"
"docs/original-audit/Coder01_2-summary.md","Documentation","Architecture, audit, checklist, or generated file inventory documentation"
"docs/original-audit/CodexMarege-file-manifest.csv","Documentation","Architecture, audit, checklist, or generated file inventory documentation"
"docs/original-audit/CodexMarege-project-dependencies.csv","Documentation","Architecture, audit, checklist, or generated file inventory documentation"
"docs/original-audit/CodexMarege-refactor_Gethub-file-manifest.csv","Documentation","Architecture, audit, checklist, or generated file inventory documentation"
"docs/original-audit/CodexMarege-refactor_Gethub-project-dependencies.csv","Documentation","Architecture, audit, checklist, or generated file inventory documentation"
"docs/original-audit/CodexMarege-refactor_Gethub-summary.md","Documentation","Architecture, audit, checklist, or generated file inventory documentation"
"docs/original-audit/CodexMarege-summary.md","Documentation","Architecture, audit, checklist, or generated file inventory documentation"
"docs/original-audit/CodexMarege_restructured_Replit-file-manifest.csv","Documentation","Architecture, audit, checklist, or generated file inventory documentation"
"docs/original-audit/CodexMarege_restructured_Replit-project-dependencies.csv","Documentation","Architecture, audit, checklist, or generated file inventory documentation"
"docs/original-audit/CodexMarege_restructured_Replit-summary.md","Documentation","Architecture, audit, checklist, or generated file inventory documentation"
"docs/original-audit/EJLive-CodexMarege-fixedGpt-file-manifest.csv","Documentation","Architecture, audit, checklist, or generated file inventory documentation"
"docs/original-audit/EJLive-CodexMarege-fixedGpt-project-dependencies.csv","Documentation","Architecture, audit, checklist, or generated file inventory documentation"
"docs/original-audit/EJLive-CodexMarege-fixedGpt-summary.md","Documentation","Architecture, audit, checklist, or generated file inventory documentation"
"docs/original-audit/EJLive.Unified-file-manifest.csv","Documentation","Architecture, audit, checklist, or generated file inventory documentation"
"docs/original-audit/EJLive.Unified-project-dependencies.csv","Documentation","Architecture, audit, checklist, or generated file inventory documentation"
"docs/original-audit/EJLive.Unified-summary.md","Documentation","Architecture, audit, checklist, or generated file inventory documentation"
"docs/original-audit/EJLiveWorkCoder-file-manifest.csv","Documentation","Architecture, audit, checklist, or generated file inventory documentation"
"docs/original-audit/EJLiveWorkCoder-project-dependencies.csv","Documentation","Architecture, audit, checklist, or generated file inventory documentation"
"docs/original-audit/EJLiveWorkCoder-summary.md","Documentation","Architecture, audit, checklist, or generated file inventory documentation"
"docs/original-audit/EJLive_APPs-file-manifest.csv","Documentation","Architecture, audit, checklist, or generated file inventory documentation"
"docs/original-audit/EJLive_APPs-project-dependencies.csv","Documentation","Architecture, audit, checklist, or generated file inventory documentation"
"docs/original-audit/EJLive_APPs-summary.md","Documentation","Architecture, audit, checklist, or generated file inventory documentation"
"docs/original-audit/EJLive_Client_v5_Enhanced-file-manifest.csv","Documentation","Architecture, audit, checklist, or generated file inventory documentation"
"docs/original-audit/EJLive_Client_v5_Enhanced-project-dependencies.csv","Documentation","Architecture, audit, checklist, or generated file inventory documentation"
"docs/original-audit/EJLive_Client_v5_Enhanced-summary.md","Documentation","Architecture, audit, checklist, or generated file inventory documentation"
"docs/original-audit/EJLive_Enterprise_20260510_build_candidate-file-manifest.csv","Documentation","Architecture, audit, checklist, or generated file inventory documentation"
"docs/original-audit/EJLive_Enterprise_20260510_build_candidate-project-dependencies.csv","Documentation","Architecture, audit, checklist, or generated file inventory documentation"
"docs/original-audit/EJLive_Enterprise_20260510_build_candidate-summary.md","Documentation","Architecture, audit, checklist, or generated file inventory documentation"
"docs/original-audit/EJLive_Enterprise_20260510_latest_workspace-file-manifest.csv","Documentation","Architecture, audit, checklist, or generated file inventory documentation"
"docs/original-audit/EJLive_Enterprise_20260510_latest_workspace-project-dependencies.csv","Documentation","Architecture, audit, checklist, or generated file inventory documentation"
"docs/original-audit/EJLive_Enterprise_20260510_latest_workspace-summary.md","Documentation","Architecture, audit, checklist, or generated file inventory documentation"
"docs/original-audit/EJLive_Enterprise_active_test_package_2026-05-10-file-manifest.csv","Documentation","Architecture, audit, checklist, or generated file inventory documentation"
"docs/original-audit/EJLive_Enterprise_active_test_package_2026-05-10-project-dependencies.csv","Documentation","Architecture, audit, checklist, or generated file inventory documentation"
"docs/original-audit/EJLive_Enterprise_active_test_package_2026-05-10-summary.md","Documentation","Architecture, audit, checklist, or generated file inventory documentation"
"docs/original-audit/EJLive_Enterprise_v3.2.1_Enhanced-file-manifest.csv","Documentation","Architecture, audit, checklist, or generated file inventory documentation"
"docs/original-audit/EJLive_Enterprise_v3.2.1_Enhanced-project-dependencies.csv","Documentation","Architecture, audit, checklist, or generated file inventory documentation"
"docs/original-audit/EJLive_Enterprise_v3.2.1_Enhanced-summary.md","Documentation","Architecture, audit, checklist, or generated file inventory documentation"
"docs/original-audit/EJLive_Enterprise_v3.4.0-file-manifest.csv","Documentation","Architecture, audit, checklist, or generated file inventory documentation"
"docs/original-audit/EJLive_Enterprise_v3.4.0-project-dependencies.csv","Documentation","Architecture, audit, checklist, or generated file inventory documentation"
"docs/original-audit/EJLive_Enterprise_v3.4.0-summary.md","Documentation","Architecture, audit, checklist, or generated file inventory documentation"
"docs/original-audit/EJLive_Enterprise_v3.4.0_Enhanced-file-manifest.csv","Documentation","Architecture, audit, checklist, or generated file inventory documentation"
"docs/original-audit/EJLive_Enterprise_v3.4.0_Enhanced-project-dependencies.csv","Documentation","Architecture, audit, checklist, or generated file inventory documentation"
"docs/original-audit/EJLive_Enterprise_v3.4.0_Enhanced-summary.md","Documentation","Architecture, audit, checklist, or generated file inventory documentation"
"docs/original-audit/EJLive_Enterprise_v3.4.0_latest-file-manifest.csv","Documentation","Architecture, audit, checklist, or generated file inventory documentation"
"docs/original-audit/EJLive_Enterprise_v3.4.0_latest-project-dependencies.csv","Documentation","Architecture, audit, checklist, or generated file inventory documentation"
"docs/original-audit/EJLive_Enterprise_v3.4.0_latest-summary.md","Documentation","Architecture, audit, checklist, or generated file inventory documentation"
"docs/original-audit/EJLive_Menus_ai-file-manifest.csv","Documentation","Architecture, audit, checklist, or generated file inventory documentation"
"docs/original-audit/EJLive_Menus_ai-project-dependencies.csv","Documentation","Architecture, audit, checklist, or generated file inventory documentation"
"docs/original-audit/EJLive_Menus_ai-summary.md","Documentation","Architecture, audit, checklist, or generated file inventory documentation"
"docs/original-audit/EJLive_replik-file-manifest.csv","Documentation","Architecture, audit, checklist, or generated file inventory documentation"
"docs/original-audit/EJLive_replik-project-dependencies.csv","Documentation","Architecture, audit, checklist, or generated file inventory documentation"
"docs/original-audit/EJLive_replik-summary.md","Documentation","Architecture, audit, checklist, or generated file inventory documentation"
"docs/original-audit/FixedGpt-file-manifest.csv","Documentation","Architecture, audit, checklist, or generated file inventory documentation"
"docs/original-audit/FixedGpt-project-dependencies.csv","Documentation","Architecture, audit, checklist, or generated file inventory documentation"
"docs/original-audit/FixedGpt-summary.md","Documentation","Architecture, audit, checklist, or generated file inventory documentation"
"docs/original-audit/Kimi_Agent-file-manifest.csv","Documentation","Architecture, audit, checklist, or generated file inventory documentation"
"docs/original-audit/Kimi_Agent-project-dependencies.csv","Documentation","Architecture, audit, checklist, or generated file inventory documentation"
"docs/original-audit/Kimi_Agent-summary.md","Documentation","Architecture, audit, checklist, or generated file inventory documentation"
"docs/original-audit/Kimi_Agent_EJLive-file-manifest.csv","Documentation","Architecture, audit, checklist, or generated file inventory documentation"
"docs/original-audit/Kimi_Agent_EJLive-project-dependencies.csv","Documentation","Architecture, audit, checklist, or generated file inventory documentation"
"docs/original-audit/Kimi_Agent_EJLive-summary.md","Documentation","Architecture, audit, checklist, or generated file inventory documentation"
"docs/original-audit/src-file-manifest.csv","Documentation","Architecture, audit, checklist, or generated file inventory documentation"
"docs/original-audit/src-project-dependencies.csv","Documentation","Architecture, audit, checklist, or generated file inventory documentation"
"docs/original-audit/src-summary.md","Documentation","Architecture, audit, checklist, or generated file inventory documentation"
"docs/original-audit/System-Analyzer-Unified_Replit-file-manifest.csv","Documentation","Architecture, audit, checklist, or generated file inventory documentation"
"docs/original-audit/System-Analyzer-Unified_Replit-project-dependencies.csv","Documentation","Architecture, audit, checklist, or generated file inventory documentation"
"docs/original-audit/System-Analyzer-Unified_Replit-summary.md","Documentation","Architecture, audit, checklist, or generated file inventory documentation"
"docs/original-audit/Testing_UI-file-manifest.csv","Documentation","Architecture, audit, checklist, or generated file inventory documentation"
"docs/original-audit/Testing_UI-project-dependencies.csv","Documentation","Architecture, audit, checklist, or generated file inventory documentation"
"docs/original-audit/Testing_UI-summary.md","Documentation","Architecture, audit, checklist, or generated file inventory documentation"
"docs/original-audit/_coder01_source_study-file-manifest.csv","Documentation","Architecture, audit, checklist, or generated file inventory documentation"
"docs/original-audit/_coder01_source_study-project-dependencies.csv","Documentation","Architecture, audit, checklist, or generated file inventory documentation"
"docs/original-audit/_coder01_source_study-summary.md","Documentation","Architecture, audit, checklist, or generated file inventory documentation"
"docs/original-audit/_codex_zip_study_20260515_053548-file-manifest.csv","Documentation","Architecture, audit, checklist, or generated file inventory documentation"
"docs/original-audit/_codex_zip_study_20260515_053548-project-dependencies.csv","Documentation","Architecture, audit, checklist, or generated file inventory documentation"
"docs/original-audit/_codex_zip_study_20260515_053548-summary.md","Documentation","Architecture, audit, checklist, or generated file inventory documentation"
"src/.continue/agents/new-config.yaml","Source Code","Source code, configuration, or asset file"
"src/.qoder-plugin/build.gradle","Source Code","Source code, configuration, or asset file"
"src/.qoder-plugin/plugin.json","Source Code","Source code, configuration, or asset file"
"src/.qoder-plugin/pom.xml","Source Code","Source code, configuration, or asset file"
"src/archive/README.md","Source Code","Source code, configuration, or asset file"
"src/EJLive.Application/EJLive.Application.csproj","Source Code","Application layer host, readiness, and workflow orchestration"
"src/EJLive.Application/EJLiveApplicationHost.cs","Source Code","Application layer host, readiness, and workflow orchestration"
"src/EJLive.Business/EJLive.Business.csproj","Source Code","Business runtime, operational fusion, and service gateway"
"src/EJLive.Business/OriginalSourceCatalog.cs","Source Code","Business runtime, operational fusion, and service gateway"
"src/EJLive.Business/UnifiedBusinessRuntime.cs","Source Code","Business runtime, operational fusion, and service gateway"
"src/EJLive.Client.Service/AgentHeadlessController.cs","Source Code","Client Windows Service headless agent host"
"src/EJLive.Client.Service/AgentHealthReporter.cs","Source Code","Client Windows Service headless agent host"
"src/EJLive.Client.Service/ClientAgentWindowsService.cs","Source Code","Client Windows Service headless agent host"
"src/EJLive.Client.Service/EJLive.Client.Service.csproj","Source Code","Client Windows Service headless agent host"
"src/EJLive.Client.Service/IAgentController.cs","Source Code","Client Windows Service headless agent host"
"src/EJLive.Client.Service/Program.cs","Source Code","Client Windows Service headless agent host"
"src/EJLive.Client.Service/README_FINAL_MERGE_NOTES.md","Source Code","Client Windows Service headless agent host"
"src/EJLive.Client.Service/Compatibility/BackoffPolicy.cs","Source Code","Client Windows Service headless agent host"
"src/EJLive.Client.Service/Compatibility/JournalOutboxAdapter.cs","Source Code","Client Windows Service headless agent host"
"src/EJLive.Client.Service/Compatibility/ReflectionSafe.cs","Source Code","Client Windows Service headless agent host"
"src/EJLive.Client.Service/Compatibility/SafeLiveFileReader.cs","Source Code","Client Windows Service headless agent host"
"src/EJLive.Client.WinForms/app.config","Source Code","Client interactive WinForms presentation and agent UI"
"src/EJLive.Client.WinForms/app.manifest","Source Code","Client interactive WinForms presentation and agent UI"
"src/EJLive.Client.WinForms/AppBootstrapper.cs","Source Code","Client interactive WinForms presentation and agent UI"
"src/EJLive.Client.WinForms/ClientBackgroundApplicationContext.cs","Source Code","Client interactive WinForms presentation and agent UI"
"src/EJLive.Client.WinForms/ClientMainForm.bind.cs","Source Code","Client interactive WinForms presentation and agent UI"
"src/EJLive.Client.WinForms/ClientMainForm.cs","Source Code","Client interactive WinForms presentation and agent UI"
"src/EJLive.Client.WinForms/ClientMainForm.Designer.cs","Source Code","Client interactive WinForms presentation and agent UI"
"src/EJLive.Client.WinForms/ClientMainForm.resx","Source Code","Client interactive WinForms presentation and agent UI"
"src/EJLive.Client.WinForms/ClientStartupPlanner.cs","Source Code","Client interactive WinForms presentation and agent UI"
"src/EJLive.Client.WinForms/EJLive.Client.WinForms.csproj","Source Code","Client interactive WinForms presentation and agent UI"
"src/EJLive.Client.WinForms/EJLive.Client.WinForms.csproj.user","Source Code","Client interactive WinForms presentation and agent UI"
"src/EJLive.Client.WinForms/packages.config","Source Code","Client interactive WinForms presentation and agent UI"
"src/EJLive.Client.WinForms/Program.cs","Source Code","Client interactive WinForms presentation and agent UI"
"src/EJLive.Client.WinForms/Agent/AgentBootstrapper.cs","Source Code","Client interactive WinForms presentation and agent UI"
"src/EJLive.Client.WinForms/Agent/AgentTrayContext.cs","Source Code","Client interactive WinForms presentation and agent UI"
"src/EJLive.Client.WinForms/Agent/AutoAdminSetup.cs","Source Code","Client interactive WinForms presentation and agent UI"
"src/EJLive.Client.WinForms/Agent/BootNotifier.cs","Source Code","Client interactive WinForms presentation and agent UI"
"src/EJLive.Client.WinForms/Agent/LogBackupScheduler.cs","Source Code","Client interactive WinForms presentation and agent UI"
"src/EJLive.Client.WinForms/Agent/NetworkMonitor.cs","Source Code","Client interactive WinForms presentation and agent UI"
"src/EJLive.Client.WinForms/Agent/ScreenshotScheduler.cs","Source Code","Client interactive WinForms presentation and agent UI"
"src/EJLive.Client.WinForms/Agent/TimeSyncScheduler.cs","Source Code","Client interactive WinForms presentation and agent UI"
"src/EJLive.Client.WinForms/Controls/ATMCardControl.cs","Source Code","Client interactive WinForms presentation and agent UI"
"src/EJLive.Client.WinForms/Controls/DarkButton.cs","Source Code","Client interactive WinForms presentation and agent UI"
"src/EJLive.Client.WinForms/Controls/StatusCard.cs","Source Code","Client interactive WinForms presentation and agent UI"
"src/EJLive.Client.WinForms/Controls/ThemeColors.cs","Source Code","Client interactive WinForms presentation and agent UI"
"src/EJLive.Client.WinForms/Controls/ToastNotification.cs","Source Code","Client interactive WinForms presentation and agent UI"
"src/EJLive.Client.WinForms/Database/supabase_schema.sql","Source Code","Client interactive WinForms presentation and agent UI"
"src/EJLive.Client.WinForms/Properties/AssemblyInfo.cs","Source Code","Client interactive WinForms presentation and agent UI"
"src/EJLive.Client.WinForms/Properties/Resources.Designer.cs","Source Code","Client interactive WinForms presentation and agent UI"
"src/EJLive.Client.WinForms/Properties/Resources.resx","Source Code","Client interactive WinForms presentation and agent UI"
"src/EJLive.Client.WinForms/Resources/labels_en.json","Source Code","Client interactive WinForms presentation and agent UI"
"src/EJLive.Client.WinForms/Services/AdvancedJournalProcessor.cs","Source Code","Client interactive WinForms presentation and agent UI"
"src/EJLive.Client.WinForms/Services/AdvancedNetworkManager.cs","Source Code","Client interactive WinForms presentation and agent UI"
"src/EJLive.Client.WinForms/Services/AdvancedRemoteCommandHandler.cs","Source Code","Client interactive WinForms presentation and agent UI"
"src/EJLive.Client.WinForms/Services/CashTelemetryService.cs","Source Code","Client interactive WinForms presentation and agent UI"
"src/EJLive.Client.WinForms/Services/ClientConstants.cs","Source Code","Client interactive WinForms presentation and agent UI"
"src/EJLive.Client.WinForms/Services/FileDeliveryConfirmationTracker.cs","Source Code","Client interactive WinForms presentation and agent UI"
"src/EJLive.Client.WinForms/Services/JournalProcessor.cs","Source Code","Client interactive WinForms presentation and agent UI"
"src/EJLive.Client.WinForms/Services/JournalSyncAgent.cs","Source Code","Client interactive WinForms presentation and agent UI"
"src/EJLive.Client.WinForms/Services/LabelMappingService.cs","Source Code","Client interactive WinForms presentation and agent UI"
"src/EJLive.Client.WinForms/Services/LegacySnippetAdapters.cs","Source Code","Client interactive WinForms presentation and agent UI"
"src/EJLive.Client.WinForms/Services/NetworkEngine.cs","Source Code","Client interactive WinForms presentation and agent UI"
"src/EJLive.Client.WinForms/Services/NetworkManager.cs","Source Code","Client interactive WinForms presentation and agent UI"
"src/EJLive.Client.WinForms/Services/RemoteCommandHandler.cs","Source Code","Client interactive WinForms presentation and agent UI"
"src/EJLive.Client.WinForms/Services/RuntimeAgentConfigResolver.cs","Source Code","Client interactive WinForms presentation and agent UI"
"src/EJLive.Client.WinForms/Services/ServiceRegistry.cs","Source Code","Client interactive WinForms presentation and agent UI"
"src/EJLive.Client.WinForms/Services/SessionCompanionIpc.cs","Source Code","Client interactive WinForms presentation and agent UI"
"src/EJLive.Client.WinForms/Services/UIBinder.cs","Source Code","Client interactive WinForms presentation and agent UI"
"src/EJLive.Client.WinForms/Services/WindowsPolicyEnforcer.cs","Source Code","Client interactive WinForms presentation and agent UI"
"src/EJLive.Client.WinForms/Services/WindowsRemoteAccessService.cs","Source Code","Client interactive WinForms presentation and agent UI"
"src/EJLive.Client.WinForms/Services/WindowsServiceRegistrationService.cs","Source Code","Client interactive WinForms presentation and agent UI"
"src/EJLive.Client.WinForms/Services/WindowsStartupService.cs","Source Code","Client interactive WinForms presentation and agent UI"
"src/EJLive.Client.WinForms/Supabase/SupabaseModels.cs","Source Code","Client interactive WinForms presentation and agent UI"
"src/EJLive.Client.WinForms/Supabase/SupabaseSync.cs","Source Code","Client interactive WinForms presentation and agent UI"
"src/EJLive.Core/App.config","Source Code","Core engines, protocol, models, data, and XFS adapters"
"src/EJLive.Core/Constants.cs","Source Code","Core engines, protocol, models, data, and XFS adapters"
"src/EJLive.Core/EJLive.Core.csproj","Source Code","Core engines, protocol, models, data, and XFS adapters"
"src/EJLive.Core/packages.config","Source Code","Core engines, protocol, models, data, and XFS adapters"
"src/EJLive.Core/Compatibility/StringCompatibilityExtensions.cs","Source Code","Core engines, protocol, models, data, and XFS adapters"
"src/EJLive.Core/Data/JournalOffsetStore.cs","Source Code","Core engines, protocol, models, data, and XFS adapters"
"src/EJLive.Core/Data/Migrations/0001_Phase2_RequiredTables.sql","Source Code","Core engines, protocol, models, data, and XFS adapters"
"src/EJLive.Core/Engine/ChunkedTransferEngine.cs","Source Code","Core engines, protocol, models, data, and XFS adapters"
"src/EJLive.Core/Engine/CommandRiskLevel.cs","Source Code","Core engines, protocol, models, data, and XFS adapters"
"src/EJLive.Core/Engine/CommandSigningEngine.cs","Source Code","Core engines, protocol, models, data, and XFS adapters"
"src/EJLive.Core/Engine/CommunicationProtocol.cs","Source Code","Core engines, protocol, models, data, and XFS adapters"
"src/EJLive.Core/Engine/CorrelationEngine.cs","Source Code","Core engines, protocol, models, data, and XFS adapters"
"src/EJLive.Core/Engine/DashboardSnapshotService.cs","Source Code","Core engines, protocol, models, data, and XFS adapters"
"src/EJLive.Core/Engine/FileDistributionEngine.cs","Source Code","Core engines, protocol, models, data, and XFS adapters"
"src/EJLive.Core/Engine/FileWatcherEngine.cs","Source Code","Core engines, protocol, models, data, and XFS adapters"
"src/EJLive.Core/Engine/FleetPredictionEngine.cs","Source Code","Core engines, protocol, models, data, and XFS adapters"
"src/EJLive.Core/Engine/GhostRemoteEngine.cs","Source Code","Core engines, protocol, models, data, and XFS adapters"
"src/EJLive.Core/Engine/IEjTransactionParser.cs","Source Code","Core engines, protocol, models, data, and XFS adapters"
"src/EJLive.Core/Engine/ImageSyncEngine.cs","Source Code","Core engines, protocol, models, data, and XFS adapters"
"src/EJLive.Core/Engine/IngestionPipeline.cs","Source Code","Core engines, protocol, models, data, and XFS adapters"
"src/EJLive.Core/Engine/InstallerEngine.cs","Source Code","Core engines, protocol, models, data, and XFS adapters"
"src/EJLive.Core/Engine/IXfsVendorAdapter.cs","Source Code","Core engines, protocol, models, data, and XFS adapters"
"src/EJLive.Core/Engine/JournalOutbox.cs","Source Code","Core engines, protocol, models, data, and XFS adapters"
"src/EJLive.Core/Engine/JournalSyncTracker.cs","Source Code","Core engines, protocol, models, data, and XFS adapters"
"src/EJLive.Core/Engine/LogRedactionEngine.cs","Source Code","Core engines, protocol, models, data, and XFS adapters"
"src/EJLive.Core/Engine/NcrEjTransactionParser.cs","Source Code","Core engines, protocol, models, data, and XFS adapters"
"src/EJLive.Core/Engine/NcrXfsAdapter.cs","Source Code","Core engines, protocol, models, data, and XFS adapters"
"src/EJLive.Core/Engine/NetworkEngine.cs","Source Code","Core engines, protocol, models, data, and XFS adapters"
"src/EJLive.Core/Engine/OperationalEngines.cs","Source Code","Core engines, protocol, models, data, and XFS adapters"
"src/EJLive.Core/Engine/OperationalSeverity.cs","Source Code","Core engines, protocol, models, data, and XFS adapters"
"src/EJLive.Core/Engine/OutboxMaintenanceService.cs","Source Code","Core engines, protocol, models, data, and XFS adapters"
"src/EJLive.Core/Engine/PolicyEnforcementMode.cs","Source Code","Core engines, protocol, models, data, and XFS adapters"
"src/EJLive.Core/Engine/Protocol.cs","Source Code","Core engines, protocol, models, data, and XFS adapters"
"src/EJLive.Core/Engine/RemoteAssistanceSession.cs","Source Code","Core engines, protocol, models, data, and XFS adapters"
"src/EJLive.Core/Engine/RemoteCommandPolicy.cs","Source Code","Core engines, protocol, models, data, and XFS adapters"
"src/EJLive.Core/Engine/ReportExportEngine.cs","Source Code","Core engines, protocol, models, data, and XFS adapters"
"src/EJLive.Core/Engine/SafeRemoteCommandExecutor.cs","Source Code","Core engines, protocol, models, data, and XFS adapters"
"src/EJLive.Core/Engine/SafeWindowsPolicyEnforcer.cs","Source Code","Core engines, protocol, models, data, and XFS adapters"
"src/EJLive.Core/Engine/ScreenshotCaptureService.cs","Source Code","Core engines, protocol, models, data, and XFS adapters"
"src/EJLive.Core/Engine/SecretProtector.cs","Source Code","Core engines, protocol, models, data, and XFS adapters"
"src/EJLive.Core/Engine/SecureHandshakeService.cs","Source Code","Core engines, protocol, models, data, and XFS adapters"
"src/EJLive.Core/Engine/SecurityPolicy.cs","Source Code","Core engines, protocol, models, data, and XFS adapters"
"src/EJLive.Core/Engine/ServerEngine.cs","Source Code","Core engines, protocol, models, data, and XFS adapters"
"src/EJLive.Core/Engine/StableReadWindow.cs","Source Code","Core engines, protocol, models, data, and XFS adapters"
"src/EJLive.Core/Engine/StructuredLogger.cs","Source Code","Core engines, protocol, models, data, and XFS adapters"
"src/EJLive.Core/Engine/TransactionAnalysisEngine.cs","Source Code","Core engines, protocol, models, data, and XFS adapters"
"src/EJLive.Core/Engine/WindowsServiceRegistration.cs","Source Code","Core engines, protocol, models, data, and XFS adapters"
"src/EJLive.Core/Models/AlertSnapshot.cs","Source Code","Core engines, protocol, models, data, and XFS adapters"
"src/EJLive.Core/Models/AnalysisRuntimeModels.cs","Source Code","Core engines, protocol, models, data, and XFS adapters"
"src/EJLive.Core/Models/ATMInfo.cs","Source Code","Core engines, protocol, models, data, and XFS adapters"
"src/EJLive.Core/Models/CommandQueueItem.cs","Source Code","Core engines, protocol, models, data, and XFS adapters"
"src/EJLive.Core/Models/CompatibilityModels.cs","Source Code","Core engines, protocol, models, data, and XFS adapters"
"src/EJLive.Core/Models/CorrelationMatchStrength.cs","Source Code","Core engines, protocol, models, data, and XFS adapters"
"src/EJLive.Core/Models/DashboardViewModel.cs","Source Code","Core engines, protocol, models, data, and XFS adapters"
"src/EJLive.Core/Models/EjTransaction.cs","Source Code","Core engines, protocol, models, data, and XFS adapters"
"src/EJLive.Core/Models/FileDistributionRequest.cs","Source Code","Core engines, protocol, models, data, and XFS adapters"
"src/EJLive.Core/Models/HandshakeModels.cs","Source Code","Core engines, protocol, models, data, and XFS adapters"
"src/EJLive.Core/Models/InstallManifest.cs","Source Code","Core engines, protocol, models, data, and XFS adapters"
"src/EJLive.Core/Models/JournalArchiveModels.cs","Source Code","Core engines, protocol, models, data, and XFS adapters"
"src/EJLive.Core/Models/JournalSyncModels.cs","Source Code","Core engines, protocol, models, data, and XFS adapters"
"src/EJLive.Core/Models/MergedTraceModels.cs","Source Code","Core engines, protocol, models, data, and XFS adapters"
"src/EJLive.Core/Models/NcrCapabilityModels.cs","Source Code","Core engines, protocol, models, data, and XFS adapters"
"src/EJLive.Core/Models/NcrConfigCapabilityModels.cs","Source Code","Core engines, protocol, models, data, and XFS adapters"
"src/EJLive.Core/Models/NcrConfigModels.cs","Source Code","Core engines, protocol, models, data, and XFS adapters"
"src/EJLive.Core/Models/NcrConfigProfileModels.cs","Source Code","Core engines, protocol, models, data, and XFS adapters"
"src/EJLive.Core/Models/NcrConfigurationModels.cs","Source Code","Core engines, protocol, models, data, and XFS adapters"
"src/EJLive.Core/Models/NormalizedVendorEvent.cs","Source Code","Core engines, protocol, models, data, and XFS adapters"
"src/EJLive.Core/Models/OperationalContracts.cs","Source Code","Core engines, protocol, models, data, and XFS adapters"
"src/EJLive.Core/Models/OperationalEvent.cs","Source Code","Core engines, protocol, models, data, and XFS adapters"
"src/EJLive.Core/Models/PolicySnapshot.cs","Source Code","Core engines, protocol, models, data, and XFS adapters"
"src/EJLive.Core/Models/RemoteCommandEnvelope.cs","Source Code","Core engines, protocol, models, data, and XFS adapters"
"src/EJLive.Core/Models/RemoteSessionAudit.cs","Source Code","Core engines, protocol, models, data, and XFS adapters"
"src/EJLive.Core/Models/RemoteSessionRequest.cs","Source Code","Core engines, protocol, models, data, and XFS adapters"
"src/EJLive.Core/Models/ReportRequest.cs","Source Code","Core engines, protocol, models, data, and XFS adapters"
"src/EJLive.Core/Models/ScreenshotMetadata.cs","Source Code","Core engines, protocol, models, data, and XFS adapters"
"src/EJLive.Core/Models/TransactionClassification.cs","Source Code","Core engines, protocol, models, data, and XFS adapters"
"src/EJLive.Core/Models/TransactionModels.cs","Source Code","Core engines, protocol, models, data, and XFS adapters"
"src/EJLive.Core/Models/TransferSession.cs","Source Code","Core engines, protocol, models, data, and XFS adapters"
"src/EJLive.Core/Models/UnifiedModels.cs","Source Code","Core engines, protocol, models, data, and XFS adapters"
"src/EJLive.Core/Models/VendorRootProfileModels.cs","Source Code","Core engines, protocol, models, data, and XFS adapters"
"src/EJLive.Core/Properties/AssemblyInfo.cs","Source Code","Core engines, protocol, models, data, and XFS adapters"
"src/EJLive.Core/Services/AgentConfigurationXmlService.cs","Source Code","Core engines, protocol, models, data, and XFS adapters"
"src/EJLive.Core/Services/AlertManager.cs","Source Code","Core engines, protocol, models, data, and XFS adapters"
"src/EJLive.Core/Services/AuditLogger.cs","Source Code","Core engines, protocol, models, data, and XFS adapters"
"src/EJLive.Core/Services/ClientTelemetryAnalyticsService.cs","Source Code","Core engines, protocol, models, data, and XFS adapters"
"src/EJLive.Core/Services/CommandSigningEngine.cs","Source Code","Core engines, protocol, models, data, and XFS adapters"
"src/EJLive.Core/Services/CoreServices.cs","Source Code","Core engines, protocol, models, data, and XFS adapters"
"src/EJLive.Core/Services/DatabaseManager.cs","Source Code","Core engines, protocol, models, data, and XFS adapters"
"src/EJLive.Core/Services/GhostRemote2Service.cs","Source Code","Core engines, protocol, models, data, and XFS adapters"
"src/EJLive.Core/Services/IJournalSyncService.cs","Source Code","Core engines, protocol, models, data, and XFS adapters"
"src/EJLive.Core/Services/JournalReadService.cs","Source Code","Core engines, protocol, models, data, and XFS adapters"
"src/EJLive.Core/Services/JournalSyncAlertService.cs","Source Code","Core engines, protocol, models, data, and XFS adapters"
"src/EJLive.Core/Services/JournalSyncDashboardService.cs","Source Code","Core engines, protocol, models, data, and XFS adapters"
"src/EJLive.Core/Services/JournalSyncMonitorService.cs","Source Code","Core engines, protocol, models, data, and XFS adapters"
"src/EJLive.Core/Services/JournalSyncService.cs","Source Code","Core engines, protocol, models, data, and XFS adapters"
"src/EJLive.Core/Services/JournalSyncServiceStub.cs","Source Code","Core engines, protocol, models, data, and XFS adapters"
"src/EJLive.Core/Services/JournalSyncStateService.cs","Source Code","Core engines, protocol, models, data, and XFS adapters"
"src/EJLive.Core/Services/JournalSyncStateStore.cs","Source Code","Core engines, protocol, models, data, and XFS adapters"
"src/EJLive.Core/Services/JournalSyncTracker.cs","Source Code","Core engines, protocol, models, data, and XFS adapters"
"src/EJLive.Core/Services/JournalSyncTrackerService.cs","Source Code","Core engines, protocol, models, data, and XFS adapters"
"src/EJLive.Core/Services/JournalSyncTrackingService.cs","Source Code","Core engines, protocol, models, data, and XFS adapters"
"src/EJLive.Core/Services/JournalTransferIntelligenceService.cs","Source Code","Core engines, protocol, models, data, and XFS adapters"
"src/EJLive.Core/Services/MergedTraceCorrelationService.cs","Source Code","Core engines, protocol, models, data, and XFS adapters"
"src/EJLive.Core/Services/NcrConfigCapabilityParser.cs","Source Code","Core engines, protocol, models, data, and XFS adapters"
"src/EJLive.Core/Services/NcrConfigurationCapabilityParser.cs","Source Code","Core engines, protocol, models, data, and XFS adapters"
"src/EJLive.Core/Services/NcrReferenceCapabilityFactory.cs","Source Code","Core engines, protocol, models, data, and XFS adapters"
"src/EJLive.Core/Services/OperationalReportCatalogService.cs","Source Code","Core engines, protocol, models, data, and XFS adapters"
"src/EJLive.Core/Services/OperationalStateStore.cs","Source Code","Core engines, protocol, models, data, and XFS adapters"
"src/EJLive.Core/Services/RoleBasedAccess.cs","Source Code","Core engines, protocol, models, data, and XFS adapters"
"src/EJLive.Core/Services/ServiceLocator.cs","Source Code","Core engines, protocol, models, data, and XFS adapters"
"src/EJLive.Core/Services/SovereignEngineCompatibility.cs","Source Code","Core engines, protocol, models, data, and XFS adapters"
"src/EJLive.Core/Services/UnifiedOperationalFusion.cs","Source Code","Core engines, protocol, models, data, and XFS adapters"
"src/EJLive.Core/Services/UnifiedOperationalReportingService.cs","Source Code","Core engines, protocol, models, data, and XFS adapters"
"src/EJLive.Core/Services/UnifiedServerAnalyticsService.cs","Source Code","Core engines, protocol, models, data, and XFS adapters"
"src/EJLive.Core/Services/UnifiedServiceGateway.cs","Source Code","Core engines, protocol, models, data, and XFS adapters"
"src/EJLive.Core/Services/UnifiedServiceOperations.cs","Source Code","Core engines, protocol, models, data, and XFS adapters"
"src/EJLive.Core/Services/VendorRootCapabilityService.cs","Source Code","Core engines, protocol, models, data, and XFS adapters"
"src/EJLive.Core/Services/VendorRootProfileCatalogService.cs","Source Code","Core engines, protocol, models, data, and XFS adapters"
"src/EJLive.Core/Services/XfsLogAnalysisService.cs","Source Code","Core engines, protocol, models, data, and XFS adapters"
"src/EJLive.Core/Sync/JournalSyncModels.cs","Source Code","Core engines, protocol, models, data, and XFS adapters"
"src/EJLive.Core/Xfs/IXfsVendorAdapter.cs","Source Code","Core engines, protocol, models, data, and XFS adapters"
"src/EJLive.Core/Xfs/XfsAdapterRegistry.cs","Source Code","Core engines, protocol, models, data, and XFS adapters"
"src/EJLive.Core/Xfs/XfsEventModels.cs","Source Code","Core engines, protocol, models, data, and XFS adapters"
"src/EJLive.Core/Xfs/XfsModels.cs","Source Code","Core engines, protocol, models, data, and XFS adapters"
"src/EJLive.Core/Xfs/Adapters/CardReaderTraceAdapter.cs","Source Code","Core engines, protocol, models, data, and XFS adapters"
"src/EJLive.Core/Xfs/Adapters/DebugTraceAdapter.cs","Source Code","Core engines, protocol, models, data, and XFS adapters"
"src/EJLive.Core/Xfs/Adapters/DieboldMdsAdapter.cs","Source Code","Core engines, protocol, models, data, and XFS adapters"
"src/EJLive.Core/Xfs/Adapters/GrgJournalAdapter.cs","Source Code","Core engines, protocol, models, data, and XFS adapters"
"src/EJLive.Core/Xfs/Adapters/GrgXfsAdapter.cs","Source Code","Core engines, protocol, models, data, and XFS adapters"
"src/EJLive.Core/Xfs/Adapters/HostMessageInAdapter.cs","Source Code","Core engines, protocol, models, data, and XFS adapters"
"src/EJLive.Core/Xfs/Adapters/HostMessageOutAdapter.cs","Source Code","Core engines, protocol, models, data, and XFS adapters"
"src/EJLive.Core/Xfs/Adapters/IXfsVendorAdapter.cs","Source Code","Core engines, protocol, models, data, and XFS adapters"
"src/EJLive.Core/Xfs/Adapters/NcrCardReaderTraceAdapter.cs","Source Code","Core engines, protocol, models, data, and XFS adapters"
"src/EJLive.Core/Xfs/Adapters/NcrDebugTraceAdapter.cs","Source Code","Core engines, protocol, models, data, and XFS adapters"
"src/EJLive.Core/Xfs/Adapters/NcrHostMessageInAdapter.cs","Source Code","Core engines, protocol, models, data, and XFS adapters"
"src/EJLive.Core/Xfs/Adapters/NcrHostMessageOutAdapter.cs","Source Code","Core engines, protocol, models, data, and XFS adapters"
"src/EJLive.Core/Xfs/Adapters/NcrJournalAdapter.cs","Source Code","Core engines, protocol, models, data, and XFS adapters"
"src/EJLive.Core/Xfs/Adapters/NcrOoxfsRuntimeAdapter.cs","Source Code","Core engines, protocol, models, data, and XFS adapters"
"src/EJLive.Core/Xfs/Adapters/NcrXfsAdapter.cs","Source Code","Core engines, protocol, models, data, and XFS adapters"
"src/EJLive.Core/Xfs/Adapters/OoxfsRuntimeAdapter.cs","Source Code","Core engines, protocol, models, data, and XFS adapters"
"src/EJLive.Core/Xfs/Models/XfsNormalizedModels.cs","Source Code","Core engines, protocol, models, data, and XFS adapters"
"src/EJLive.Installer.WinForms/app.config","Source Code","Installer WinForms setup wizard and service registration"
"src/EJLive.Installer.WinForms/app.manifest","Source Code","Installer WinForms setup wizard and service registration"
"src/EJLive.Installer.WinForms/EJLive.Installer.WinForms.csproj","Source Code","Installer WinForms setup wizard and service registration"
"src/EJLive.Installer.WinForms/EJLive.Installer.WinForms.csproj.user","Source Code","Installer WinForms setup wizard and service registration"
"src/EJLive.Installer.WinForms/InstallerAutomationRunner.cs","Source Code","Installer WinForms setup wizard and service registration"
"src/EJLive.Installer.WinForms/InstallerForm.cs","Source Code","Installer WinForms setup wizard and service registration"
"src/EJLive.Installer.WinForms/InstallerForm.Designer.cs","Source Code","Installer WinForms setup wizard and service registration"
"src/EJLive.Installer.WinForms/InstallerOperationalSecurityService.cs","Source Code","Installer WinForms setup wizard and service registration"
"src/EJLive.Installer.WinForms/packages.config","Source Code","Installer WinForms setup wizard and service registration"
"src/EJLive.Installer.WinForms/Program.cs","Source Code","Installer WinForms setup wizard and service registration"
"src/EJLive.Installer.WinForms/Properties/AssemblyInfo.cs","Source Code","Installer WinForms setup wizard and service registration"
"src/EJLive.Installer.WinForms/Properties/AssemblyInfo.cs.bak","Source Code","Installer WinForms setup wizard and service registration"
"src/EJLive.LegacyReference/EJLive.LegacyReference.csproj","Source Code","Legacy reference preservation project for non-compiled source"
"src/EJLive.LegacyReference/LegacyReferenceMarker.cs","Source Code","Legacy reference preservation project for non-compiled source"
"src/EJLive.Monitor/App.config","Source Code","Legacy monitoring dashboard WinForms"
"src/EJLive.Monitor/EJLive.Monitor.csproj","Source Code","Legacy monitoring dashboard WinForms"
"src/EJLive.Monitor/MonitoringDashboard.cs","Source Code","Legacy monitoring dashboard WinForms"
"src/EJLive.Monitor/MonitoringDashboard.Designer.cs","Source Code","Legacy monitoring dashboard WinForms"
"src/EJLive.Monitor/packages.config","Source Code","Legacy monitoring dashboard WinForms"
"src/EJLive.Monitor/Properties/AssemblyInfo.cs","Source Code","Legacy monitoring dashboard WinForms"
"src/EJLive.Monitoring.WinForms/app.config","Source Code","Operational monitoring WinForms dashboard"
"src/EJLive.Monitoring.WinForms/EJLive.Monitoring.WinForms.csproj","Source Code","Operational monitoring WinForms dashboard"
"src/EJLive.Monitoring.WinForms/EJLive.Monitoring.WinForms.csproj.user","Source Code","Operational monitoring WinForms dashboard"
"src/EJLive.Monitoring.WinForms/MainDashboardForm.cs","Source Code","Operational monitoring WinForms dashboard"
"src/EJLive.Monitoring.WinForms/MainDashboardForm.Designer.cs","Source Code","Operational monitoring WinForms dashboard"
"src/EJLive.Monitoring.WinForms/MainDashboardForm.resx","Source Code","Operational monitoring WinForms dashboard"
"src/EJLive.Monitoring.WinForms/packages.config","Source Code","Operational monitoring WinForms dashboard"
"src/EJLive.Monitoring.WinForms/Program.cs","Source Code","Operational monitoring WinForms dashboard"
"src/EJLive.Monitoring.WinForms/Models/DashboardModels.cs","Source Code","Operational monitoring WinForms dashboard"
"src/EJLive.Monitoring.WinForms/Properties/AssemblyInfo.cs","Source Code","Operational monitoring WinForms dashboard"
"src/EJLive.Monitoring.WinForms/Properties/AssemblyInfo.cs.bak","Source Code","Operational monitoring WinForms dashboard"
"src/EJLive.Server/ServerMainForm.cs","Source Code","Server-side services and analytics"
"src/EJLive.Server/Services/JournalAnalyticsService.cs","Source Code","Server-side services and analytics"
"src/EJLive.Server/Services/RemoteControlService.cs","Source Code","Server-side services and analytics"
"src/EJLive.Server.WinForms/app.config","Source Code","Server interactive WinForms presentation"
"src/EJLive.Server.WinForms/ATMCardPanel.cs","Source Code","Server interactive WinForms presentation"
"src/EJLive.Server.WinForms/ATMDetailDrawerForm.cs","Source Code","Server interactive WinForms presentation"
"src/EJLive.Server.WinForms/ATMDetailDrawerForm.Designer.cs","Source Code","Server interactive WinForms presentation"
"src/EJLive.Server.WinForms/ATMDetailForm.cs","Source Code","Server interactive WinForms presentation"
"src/EJLive.Server.WinForms/ATMDetailForm.Designer.cs","Source Code","Server interactive WinForms presentation"
"src/EJLive.Server.WinForms/EJLive.Server.WinForms.csproj","Source Code","Server interactive WinForms presentation"
"src/EJLive.Server.WinForms/EJLive.Server.WinForms.csproj.user","Source Code","Server interactive WinForms presentation"
"src/EJLive.Server.WinForms/JournalSyncDashboardForm.cs","Source Code","Server interactive WinForms presentation"
"src/EJLive.Server.WinForms/JournalSyncDashboardForm.resx","Source Code","Server interactive WinForms presentation"
"src/EJLive.Server.WinForms/JournalViewerForm.bind.cs","Source Code","Server interactive WinForms presentation"
"src/EJLive.Server.WinForms/JournalViewerForm.cs","Source Code","Server interactive WinForms presentation"
"src/EJLive.Server.WinForms/JournalViewerForm.Designer.cs","Source Code","Server interactive WinForms presentation"
"src/EJLive.Server.WinForms/packages.config","Source Code","Server interactive WinForms presentation"
"src/EJLive.Server.WinForms/Program.cs","Source Code","Server interactive WinForms presentation"
"src/EJLive.Server.WinForms/PromptTextDialog.cs","Source Code","Server interactive WinForms presentation"
"src/EJLive.Server.WinForms/ServerMainForm.bind.cs","Source Code","Server interactive WinForms presentation"
"src/EJLive.Server.WinForms/ServerMainForm.cs","Source Code","Server interactive WinForms presentation"
"src/EJLive.Server.WinForms/ServerMainForm.Designer.cs","Source Code","Server interactive WinForms presentation"
"src/EJLive.Server.WinForms/SyncDashboardForm.cs","Source Code","Server interactive WinForms presentation"
"src/EJLive.Server.WinForms/SyncDashboardForm.Designer.cs","Source Code","Server interactive WinForms presentation"
"src/EJLive.Server.WinForms/Properties/AssemblyInfo.cs","Source Code","Server interactive WinForms presentation"
"src/EJLive.Server.WinForms/Properties/AssemblyInfo.cs.bak","Source Code","Server interactive WinForms presentation"
"src/EJLive.Server.WinForms/Services/ArchiveManager.cs","Source Code","Server interactive WinForms presentation"
"src/EJLive.Server.WinForms/Services/EJServer.cs","Source Code","Server interactive WinForms presentation"
"src/EJLive.Server.WinForms/Services/EJServerService.cs","Source Code","Server interactive WinForms presentation"
"src/EJLive.Server.WinForms/Services/UIBinder.cs","Source Code","Server interactive WinForms presentation"
"src/EJLive.Setup/SetupWizardForm.cs","Source Code","Source code, configuration, or asset file"
"src/EJLive.Shared/App.config","Source Code","Shared utilities, logging, security helpers, and themes"
"src/EJLive.Shared/AppLogger.cs","Source Code","Shared utilities, logging, security helpers, and themes"
"src/EJLive.Shared/DateTimeHelper.cs","Source Code","Shared utilities, logging, security helpers, and themes"
"src/EJLive.Shared/EJLive.Shared.csproj","Source Code","Shared utilities, logging, security helpers, and themes"
"src/EJLive.Shared/EJLive.Shared.csproj.bak","Source Code","Shared utilities, logging, security helpers, and themes"
"src/EJLive.Shared/LightUiTheme.cs","Source Code","Shared utilities, logging, security helpers, and themes"
"src/EJLive.Shared/Logger.cs","Source Code","Shared utilities, logging, security helpers, and themes"
"src/EJLive.Shared/MonitoringState.cs","Source Code","Shared utilities, logging, security helpers, and themes"
"src/EJLive.Shared/MonitoringStateStore.cs","Source Code","Shared utilities, logging, security helpers, and themes"
"src/EJLive.Shared/packages.config","Source Code","Shared utilities, logging, security helpers, and themes"
"src/EJLive.Shared/RetryPolicy.cs","Source Code","Shared utilities, logging, security helpers, and themes"
"src/EJLive.Shared/SecurityHelper.cs","Source Code","Shared utilities, logging, security helpers, and themes"
"src/EJLive.Shared/SecurityHelper.cs.bak","Source Code","Shared utilities, logging, security helpers, and themes"
"src/EJLive.Shared/Properties/AssemblyInfo.cs","Source Code","Shared utilities, logging, security helpers, and themes"
"src/EJLive.Shared/Properties/AssemblyInfo.cs.bak","Source Code","Shared utilities, logging, security helpers, and themes"
"src/EJLive.Tests/ClientV5StartupTests.cs","Source Code","Unit and integration test fixtures"
"src/EJLive.Tests/EJLive.Tests.csproj","Source Code","Unit and integration test fixtures"
"src/EJLive.Tests/RegressionGateTests.cs","Source Code","Unit and integration test fixtures"
"src/EJLive.Tests/UnifiedRuntimeTests.cs","Source Code","Unit and integration test fixtures"
"src/EJLive.Tests/V5EnhancedDifferenceTests.cs","Source Code","Unit and integration test fixtures"
"src/EJLive.Tests/Track03/HeadlessAgentTests.cs","Source Code","Unit and integration test fixtures"
"src/EJLive.Tests/Track04/SecureHandshakeTests.cs","Source Code","Unit and integration test fixtures"
"src/EJLive.Tests/Track05/FileWatcherOffsetTests.cs","Source Code","Unit and integration test fixtures"
"src/EJLive.Tests/Track06/ChunkedTransferTests.cs","Source Code","Unit and integration test fixtures"
"src/EJLive.Tests/Track07/OutboxMaintenanceTests.cs","Source Code","Unit and integration test fixtures"
"src/EJLive.Tests/Track08/IngestionPipelineTests.cs","Source Code","Unit and integration test fixtures"
"src/EJLive.Tests/Track09/NcrEjTransactionParserTests.cs","Source Code","Unit and integration test fixtures"
"src/EJLive.Tests/Track10/CorrelationEngineTests.cs","Source Code","Unit and integration test fixtures"
"src/EJLive.Tests/Track11/SafeRemoteCommandTests.cs","Source Code","Unit and integration test fixtures"
"src/EJLive.Tests/Track12/WindowsPolicyEnforcerTests.cs","Source Code","Unit and integration test fixtures"
"src/EJLive.Tests/Track13/RemoteAssistanceTests.cs","Source Code","Unit and integration test fixtures"
"src/EJLive.Tests/Track14/ScreenshotTests.cs","Source Code","Unit and integration test fixtures"
"src/EJLive.Tests/Track15/FileDistributionTests.cs","Source Code","Unit and integration test fixtures"
"src/EJLive.Tests/Track16/SecurityHardeningTests.cs","Source Code","Unit and integration test fixtures"
"src/EJLive.Tests/Track17/StructuredLoggerTests.cs","Source Code","Unit and integration test fixtures"
"src/EJLive.Tests/Track18/DashboardSnapshotTests.cs","Source Code","Unit and integration test fixtures"
"src/EJLive.Tests/Track19/InstallerEngineTests.cs","Source Code","Unit and integration test fixtures"
"src/EJLive.Verification/EJLive.Verification.csproj","Source Code","Integration verification and audit probes"
"src/EJLive.Verification/Program.cs","Source Code","Integration verification and audit probes"
"src/ocr-document-processor/SKILL.md","Source Code","Source code, configuration, or asset file"
"src/ocr-document-processor/agents/openai.yaml","Source Code","Source code, configuration, or asset file"
"src/ocr-document-processor/scripts/business_card_scanner.py","Source Code","Source code, configuration, or asset file"
"src/ocr-document-processor/scripts/ocr_processor.py","Source Code","Source code, configuration, or asset file"
"src/ocr-document-processor/scripts/receipt_scanner.py","Source Code","Source code, configuration, or asset file"
"src/ocr-document-processor/scripts/requirements.txt","Source Code","Source code, configuration, or asset file"
"src/Skills.agents/awesome-agent-skills-main.zip","Source Code","Source code, configuration, or asset file"
"src/Skills.agents/build.gradle","Source Code","Source code, configuration, or asset file"
"src/Skills.agents/chatgpt-skills-main.zip","Source Code","Source code, configuration, or asset file"
"src/Skills.agents/coder-jetbrains-toolbox-main.zip","Source Code","Source code, configuration, or asset file"
"src/Skills.agents/plugin.json","Source Code","Source code, configuration, or asset file"
"src/Skills.agents/pom.xml","Source Code","Source code, configuration, or asset file"
"src/Skills.agents/Skills.txt","Source Code","Source code, configuration, or asset file"
"src/tools/archive-originals.sh","Source Code","Source code, configuration, or asset file"
"src/xl/sharedStrings.xml","Source Code","Source code, configuration, or asset file"
"src/xl/styles.xml","Source Code","Source code, configuration, or asset file"
"src/xl/workbook.xml","Source Code","Source code, configuration, or asset file"
"src/xl/theme/theme1.xml","Source Code","Source code, configuration, or asset file"
"src/xl/worksheets/sheet1.xml","Source Code","Source code, configuration, or asset file"
"src/xl/worksheets/sheet2.xml","Source Code","Source code, configuration, or asset file"
"src/xl/worksheets/sheet3.xml","Source Code","Source code, configuration, or asset file"
"src/xl/worksheets/sheet4.xml","Source Code","Source code, configuration, or asset file"
"src/xl/worksheets/sheet5.xml","Source Code","Source code, configuration, or asset file"
"src/xl/worksheets/sheet6.xml","Source Code","Source code, configuration, or asset file"
"src/xl/worksheets/sheet7.xml","Source Code","Source code, configuration, or asset file"
"src/xl/worksheets/sheet8.xml","Source Code","Source code, configuration, or asset file"
"src/xl/_rels/workbook.xml.rels","Source Code","Source code, configuration, or asset file"
"src/_reference/docchatgpt/docProps/app (2).xml","Source Code","Source code, configuration, or asset file"
"src/_reference/docchatgpt/docProps/app (3).xml","Source Code","Source code, configuration, or asset file"
"src/_reference/docchatgpt/docProps/app.xml","Source Code","Source code, configuration, or asset file"
"src/_reference/docchatgpt/docProps/core (2).xml","Source Code","Source code, configuration, or asset file"
"src/_reference/docchatgpt/docProps/core (3).xml","Source Code","Source code, configuration, or asset file"
"src/_reference/docchatgpt/docProps/core.xml","Source Code","Source code, configuration, or asset file"
"src/_reference/docchatgpt/docProps/custom (2).xml","Source Code","Source code, configuration, or asset file"
"src/_reference/docchatgpt/docProps/custom (3).xml","Source Code","Source code, configuration, or asset file"
"src/_reference/docchatgpt/docProps/custom.xml","Source Code","Source code, configuration, or asset file"
"src/_reference/docchatgpt/docs/coder01-gap-analysis (2).md","Source Code","Source code, configuration, or asset file"
"src/_reference/docchatgpt/docs/coder01-gap-analysis (3).md","Source Code","Source code, configuration, or asset file"
"src/_reference/docchatgpt/docs/coder01-gap-analysis.md","Source Code","Source code, configuration, or asset file"
"src/_reference/docchatgpt/docs/diebold-status-reference-extracted (2).md","Source Code","Source code, configuration, or asset file"
"src/_reference/docchatgpt/docs/diebold-status-reference-extracted (3).md","Source Code","Source code, configuration, or asset file"
"src/_reference/docchatgpt/docs/diebold-status-reference-extracted.md","Source Code","Source code, configuration, or asset file"
"src/_reference/docchatgpt/docs/ejlive-debug-log-analysis (2).md","Source Code","Source code, configuration, or asset file"
"src/_reference/docchatgpt/docs/ejlive-debug-log-analysis (3).md","Source Code","Source code, configuration, or asset file"
"src/_reference/docchatgpt/docs/ejlive-debug-log-analysis.md","Source Code","Source code, configuration, or asset file"
"src/_reference/docchatgpt/docs/ejlive-excel-requirements-analysis (2).md","Source Code","Source code, configuration, or asset file"
"src/_reference/docchatgpt/docs/ejlive-excel-requirements-analysis (3).md","Source Code","Source code, configuration, or asset file"
"src/_reference/docchatgpt/docs/ejlive-excel-requirements-analysis.md","Source Code","Source code, configuration, or asset file"
"src/_reference/docchatgpt/docs/ejlive-mergedtrace-analysis (2).md","Source Code","Source code, configuration, or asset file"
"src/_reference/docchatgpt/docs/ejlive-mergedtrace-analysis (3).md","Source Code","Source code, configuration, or asset file"
"src/_reference/docchatgpt/docs/ejlive-mergedtrace-analysis.md","Source Code","Source code, configuration, or asset file"
"src/_reference/docchatgpt/docs/ejlive-monitoring-backlog (2).md","Source Code","Source code, configuration, or asset file"
"src/_reference/docchatgpt/docs/ejlive-monitoring-backlog (3).md","Source Code","Source code, configuration, or asset file"
"src/_reference/docchatgpt/docs/ejlive-monitoring-backlog.md","Source Code","Source code, configuration, or asset file"
"src/_reference/docchatgpt/docs/ejlive-multi-vendor-log-scope (2).md","Source Code","Source code, configuration, or asset file"
"src/_reference/docchatgpt/docs/ejlive-multi-vendor-log-scope (3).md","Source Code","Source code, configuration, or asset file"
"src/_reference/docchatgpt/docs/ejlive-multi-vendor-log-scope.md","Source Code","Source code, configuration, or asset file"
"src/_reference/docchatgpt/docs/ejlive-ncr-deep-analysis (2).md","Source Code","Source code, configuration, or asset file"
"src/_reference/docchatgpt/docs/ejlive-ncr-deep-analysis (3).md","Source Code","Source code, configuration, or asset file"
"src/_reference/docchatgpt/docs/ejlive-ncr-deep-analysis.md","Source Code","Source code, configuration, or asset file"
"src/_reference/docchatgpt/docs/ejlive-root-vendor-analysis (2).md","Source Code","Source code, configuration, or asset file"
"src/_reference/docchatgpt/docs/ejlive-root-vendor-analysis (3).md","Source Code","Source code, configuration, or asset file"
"src/_reference/docchatgpt/docs/ejlive-root-vendor-analysis.md","Source Code","Source code, configuration, or asset file"
"src/_reference/docchatgpt/docs/ejlive-xfs-research-requirements (2).md","Source Code","Source code, configuration, or asset file"
"src/_reference/docchatgpt/docs/ejlive-xfs-research-requirements (3).md","Source Code","Source code, configuration, or asset file"
"src/_reference/docchatgpt/docs/ejlive-xfs-research-requirements.md","Source Code","Source code, configuration, or asset file"
"src/_reference/docchatgpt/docs/EJLive_Enterprise_Master_Document (1).md","Source Code","Source code, configuration, or asset file"
"src/_reference/docchatgpt/docs/LATEST_PACKAGE_NOTES.md","Source Code","Source code, configuration, or asset file"
"src/_reference/docchatgpt/docs/ncr-status-message-reference-extracted (2).md","Source Code","Source code, configuration, or asset file"
"src/_reference/docchatgpt/docs/ncr-status-message-reference-extracted (3).md","Source Code","Source code, configuration, or asset file"
"src/_reference/docchatgpt/docs/ncr-status-message-reference-extracted.md","Source Code","Source code, configuration, or asset file"
"src/_rels/.rels","Source Code","Source code, configuration, or asset file"
"tools/Analyze-CompileMap.ps1","Tooling","Build, verification, or development automation script"
"tools/analyze-original-project.ps1","Tooling","Build, verification, or development automation script"
"tools/build-verify.ps1","Tooling","Build, verification, or development automation script"
"tools/Check-InventoryDelta.ps1","Tooling","Build, verification, or development automation script"
"tools/Compare-CompileMap.ps1","Tooling","Build, verification, or development automation script"
"tools/Compare-Inventory.ps1","Tooling","Build, verification, or development automation script"
"tools/Debug-AgentPath.ps1","Tooling","Build, verification, or development automation script"
"tools/Debug-AppLogger.ps1","Tooling","Build, verification, or development automation script"
"tools/Debug-Exclude.ps1","Tooling","Build, verification, or development automation script"
"tools/Debug-Paths.ps1","Tooling","Build, verification, or development automation script"
"tools/Debug-SharedFiles.ps1","Tooling","Build, verification, or development automation script"
"tools/Generate-ActiveCompileMap.ps1","Tooling","Build, verification, or development automation script"
"tools/Generate-ProjectDependencyGraph.ps1","Tooling","Build, verification, or development automation script"
"tools/Generate-SourceOfTruth.ps1","Tooling","Build, verification, or development automation script"
"tools/Generate-UnusedFileDispositionPlan.ps1","Tooling","Build, verification, or development automation script"
"tools/Regenerate-FileInventory.ps1","Tooling","Build, verification, or development automation script"
"tools/Verify-EJLiveBaseline.ps1","Tooling","Build, verification, or development automation script"
