Project,Path,Extension,SizeBytes,SHA256Prefix,Classification
EJLive.Application,EJLive.Application.csproj,.csproj,622,a98f609cb4b2a698,ActiveContent
EJLive.Application,EJLiveApplicationHost.cs,.cs,5178,9327486dd0c1a8ea,ActiveCompiled
EJLive.Application,obj/EJLive.Application.csproj.nuget.dgspec.json,.json,13174,8c91c927e93da562,ActiveContent
EJLive.Application,obj/EJLive.Application.csproj.nuget.g.props,.props,1300,778ac0f1928a3093,ActiveContent
EJLive.Application,obj/EJLive.Application.csproj.nuget.g.targets,.targets,150,971cc9b535384849,ActiveContent
EJLive.Application,obj/project.assets.json,.json,10604,a2517596cb788384,ActiveContent
EJLive.Application,obj/project.nuget.cache,.cache,716,0c2cc5d9103075c0,ActiveContent
EJLive.Business,EJLive.Business.csproj,.csproj,539,ec84cef3d53dec47,ActiveContent
EJLive.Business,OriginalSourceCatalog.cs,.cs,18034,005a969d7faf7fd7,ActiveCompiled
EJLive.Business,UnifiedBusinessRuntime.cs,.cs,8392,6955ac37e44f9d0e,ActiveCompiled
EJLive.Business,obj/EJLive.Business.csproj.nuget.dgspec.json,.json,9518,9a7f306669c46ee2,ActiveContent
EJLive.Business,obj/EJLive.Business.csproj.nuget.g.props,.props,1300,778ac0f1928a3093,ActiveContent
EJLive.Business,obj/EJLive.Business.csproj.nuget.g.targets,.targets,150,971cc9b535384849,ActiveContent
EJLive.Business,obj/project.assets.json,.json,9627,e95556d5588298e4,ActiveContent
EJLive.Business,obj/project.nuget.cache,.cache,710,e800ef89af5fd008,ActiveContent
EJLive.Client.Service,ClientAgentWindowsService.cs,.cs,5428,14f4ea41dd784993,ActiveCompiled
EJLive.Client.Service,EJLive.Client.Service.csproj,.csproj,762,231929f78058eabd,ActiveContent
EJLive.Client.Service,Program.cs,.cs,563,dbd0ee0c232077d8,ActiveCompiled
EJLive.Client.Service,obj/EJLive.Client.Service.csproj.nuget.dgspec.json,.json,13894,b3dd8ee9dd4899a8,ActiveContent
EJLive.Client.Service,obj/EJLive.Client.Service.csproj.nuget.g.props,.props,1737,0d01420e23409fb2,ActiveContent
EJLive.Client.Service,obj/EJLive.Client.Service.csproj.nuget.g.targets,.targets,1549,591883f06ed18ad4,ActiveContent
EJLive.Client.Service,obj/project.assets.json,.json,89975,354f75f0735f4988,ActiveContent
EJLive.Client.Service,obj/project.nuget.cache,.cache,5290,bfd3d227b047f4e3,ActiveContent
EJLive.Client.WinForms,Agent/AgentBootstrapper.cs,.cs,53624,26f26f4441249a76,ActiveCompiled
EJLive.Client.WinForms,Agent/AgentTrayContext.cs,.cs,2320,29a5aea0a18ab7c3,ActiveCompiled
EJLive.Client.WinForms,Agent/AutoAdminSetup.cs,.cs,1186,3a55441e18af1321,ActiveCompiled
EJLive.Client.WinForms,Agent/BootNotifier.cs,.cs,2076,40bc04e36afc3746,ActiveCompiled
EJLive.Client.WinForms,Agent/LogBackupScheduler.cs,.cs,4895,3433c5710d4ea782,ActiveCompiled
EJLive.Client.WinForms,Agent/NetworkMonitor.cs,.cs,3006,454deb8f62b35672,ActiveCompiled
EJLive.Client.WinForms,Agent/ScreenshotScheduler.cs,.cs,4020,b1854e350152c40c,ActiveCompiled
EJLive.Client.WinForms,Agent/TimeSyncScheduler.cs,.cs,2967,e9103a9fb7013d67,ActiveCompiled
EJLive.Client.WinForms,AppBootstrapper.cs,.cs,921,c109e67ee9aebbdc,ActiveCompiled
EJLive.Client.WinForms,ClientBackgroundApplicationContext.cs,.cs,898,6a6dfc2c926f4d3c,ActiveCompiled
EJLive.Client.WinForms,ClientMainForm.Designer.cs,.cs,786,fa8fee87719b3869,ReferenceOnly
EJLive.Client.WinForms,ClientMainForm.bind.cs,.cs,483,7eb3f1414b4149fa,ReferenceOnly
EJLive.Client.WinForms,ClientMainForm.cs,.cs,46069,646bfde9ca28d8dc,ActiveCompiled
EJLive.Client.WinForms,ClientMainForm.resx,.resx,5814,5eb2c22d092f3bf2,ReferenceOnly
EJLive.Client.WinForms,ClientStartupPlanner.cs,.cs,1535,d4cc91d2aea8e4be,ActiveCompiled
EJLive.Client.WinForms,Controls/ATMCardControl.cs,.cs,7844,a13c670bb0e20f52,ReferenceOnly
EJLive.Client.WinForms,Controls/DarkButton.cs,.cs,2782,d50513e9fc4ee103,ReferenceOnly
EJLive.Client.WinForms,Controls/StatusCard.cs,.cs,3170,22cec58e2b9ff73a,ReferenceOnly
EJLive.Client.WinForms,Controls/ThemeColors.cs,.cs,3504,38303796704eb3ab,ReferenceOnly
EJLive.Client.WinForms,Controls/ToastNotification.cs,.cs,7085,443d77d9ba726370,ReferenceOnly
EJLive.Client.WinForms,Database/supabase_schema.sql,.sql,3098,25b03a4f96e99d92,ReferenceOnly
EJLive.Client.WinForms,EJLive.Client.WinForms.csproj,.csproj,4708,ac4e598849532422,ActiveContent
EJLive.Client.WinForms,EJLive.Client.WinForms.csproj.user,.user,669,a20188464b83977b,ReferenceOnly
EJLive.Client.WinForms,Program.cs,.cs,2014,6c6df59951bbc3e6,ActiveCompiled
EJLive.Client.WinForms,Properties/AssemblyInfo.cs,.cs,458,476115bae0092436,ActiveCompiled
EJLive.Client.WinForms,Properties/Resources.Designer.cs,.cs,2873,0206920a39032474,ReferenceOnly
EJLive.Client.WinForms,Properties/Resources.resx,.resx,5817,4363cd7d5b8671c7,ReferenceOnly
EJLive.Client.WinForms,Resources/labels_en.json,.json,302,308c5f1b6688568f,ActiveContent
EJLive.Client.WinForms,Services/AdvancedJournalProcessor.cs,.cs,9539,4e485071f26f4c6e,ActiveCompiled
EJLive.Client.WinForms,Services/AdvancedNetworkManager.cs,.cs,2455,5c7e389ad62077eb,ActiveCompiled
EJLive.Client.WinForms,Services/AdvancedRemoteCommandHandler.cs,.cs,1528,462724961f1d7f70,ActiveCompiled
EJLive.Client.WinForms,Services/CashTelemetryService.cs,.cs,10064,483788bcd677e669,ActiveCompiled
EJLive.Client.WinForms,Services/ClientConstants.cs,.cs,2450,fa33ba5c966eadcb,ActiveCompiled
EJLive.Client.WinForms,Services/FileDeliveryConfirmationTracker.cs,.cs,4771,c5c9ceaf9172b37c,ActiveCompiled
EJLive.Client.WinForms,Services/JournalProcessor.cs,.cs,16814,7a11315d18902e83,ActiveCompiled
EJLive.Client.WinForms,Services/JournalSyncAgent.cs,.cs,2663,db9317f7b064a97a,ActiveCompiled
EJLive.Client.WinForms,Services/LabelMappingService.cs,.cs,1227,e1ad713409ac49ee,ActiveCompiled
EJLive.Client.WinForms,Services/LegacySnippetAdapters.cs,.cs,26603,0f845e865a451172,ActiveCompiled
EJLive.Client.WinForms,Services/NetworkEngine.cs,.cs,6269,070ec8434c05d345,ActiveCompiled
EJLive.Client.WinForms,Services/NetworkManager.cs,.cs,4807,b21e37a523a02d1a,ActiveCompiled
EJLive.Client.WinForms,Services/RemoteCommandHandler.cs,.cs,80233,19d57d71928026df,ActiveCompiled
EJLive.Client.WinForms,Services/RuntimeAgentConfigResolver.cs,.cs,5137,0aa770f6dad9d732,ActiveCompiled
EJLive.Client.WinForms,Services/ServiceRegistry.cs,.cs,565,66c9026b0f11b0dd,ActiveCompiled
EJLive.Client.WinForms,Services/SessionCompanionIpc.cs,.cs,7116,0c3ad4404985a53e,ActiveCompiled
EJLive.Client.WinForms,Services/UIBinder.cs,.cs,1985,d623d207a31d6c95,ActiveCompiled
EJLive.Client.WinForms,Services/WindowsPolicyEnforcer.cs,.cs,28981,44260374ae7e4bf4,ActiveCompiled
EJLive.Client.WinForms,Services/WindowsRemoteAccessService.cs,.cs,87026,c28d96985a61b6ae,ActiveCompiled
EJLive.Client.WinForms,Services/WindowsServiceRegistrationService.cs,.cs,6795,27154ed78e329bcf,ActiveCompiled
EJLive.Client.WinForms,Services/WindowsStartupService.cs,.cs,9225,0a370abfe911678c,ActiveCompiled
EJLive.Client.WinForms,Supabase/SupabaseModels.cs,.cs,711,2eb5434200b27012,ActiveCompiled
EJLive.Client.WinForms,Supabase/SupabaseSync.cs,.cs,5325,89ff778ea5b7991d,ActiveCompiled
EJLive.Client.WinForms,app.config,.config,816,1a18683f072d8150,ReferenceOnly
EJLive.Client.WinForms,app.manifest,.manifest,654,3190841798f75560,ActiveContent
EJLive.Client.WinForms,obj/EJLive.Client.WinForms.csproj.nuget.dgspec.json,.json,9884,f59f02c9d6263834,ActiveContent
EJLive.Client.WinForms,obj/EJLive.Client.WinForms.csproj.nuget.g.props,.props,1300,778ac0f1928a3093,ActiveContent
EJLive.Client.WinForms,obj/EJLive.Client.WinForms.csproj.nuget.g.targets,.targets,150,971cc9b535384849,ActiveContent
EJLive.Client.WinForms,obj/project.assets.json,.json,14967,7f11896c1c97cbf3,ActiveContent
EJLive.Client.WinForms,obj/project.nuget.cache,.cache,1000,2e0b60f23817190b,ActiveContent
EJLive.Client.WinForms,packages.config,.config,156,1f270ec280da9123,ReferenceOnly
EJLive.Core,App.config,.config,1497,3c1e56b550551c64,ReferenceOnly
EJLive.Core,Compatibility/StringCompatibilityExtensions.cs,.cs,388,38d962fa6e5ac0c4,ReferenceOnly
EJLive.Core,Constants.cs,.cs,13262,b1d44d0d5016acd6,ActiveCompiled
EJLive.Core,EJLive.Core.csproj,.csproj,2608,7019e4cff2a88919,ActiveContent
EJLive.Core,Engine/CommunicationProtocol.cs,.cs,10814,be01b75710cd3fd5,ActiveCompiled
EJLive.Core,Engine/FileWatcherEngine.cs,.cs,34220,1711be8b1242da9b,ReferenceOnly
EJLive.Core,Engine/FleetPredictionEngine.cs,.cs,3965,78c3398a3e38f9f9,ReferenceOnly
EJLive.Core,Engine/GhostRemoteEngine.cs,.cs,19018,dfba6750cfab21a4,ReferenceOnly
EJLive.Core,Engine/ImageSyncEngine.cs,.cs,19265,f3328d62b1b6d070,ReferenceOnly
EJLive.Core,Engine/JournalOutbox.cs,.cs,14709,31981f9b17f62477,ActiveCompiled
EJLive.Core,Engine/JournalSyncTracker.cs,.cs,7982,b52e83c7041c9bf6,ReferenceOnly
EJLive.Core,Engine/NetworkEngine.cs,.cs,18569,4f5f91cf99dd87fb,ActiveCompiled
EJLive.Core,Engine/OperationalEngines.cs,.cs,41078,dda84f7cc14c8793,ActiveCompiled
EJLive.Core,Engine/Protocol.cs,.cs,2826,f0fe7be3883a3cf1,ReferenceOnly
EJLive.Core,Engine/ReportExportEngine.cs,.cs,31556,f9c476f03d7325f8,ReferenceOnly
EJLive.Core,Engine/ServerEngine.cs,.cs,44356,2960c696a3621ad6,ReferenceOnly
EJLive.Core,Engine/TransactionAnalysisEngine.cs,.cs,50715,0da3b97ee55340a9,ReferenceOnly
EJLive.Core,Models/ATMInfo.cs,.cs,20274,4fde75e8ae81ae53,ReferenceOnly
EJLive.Core,Models/AnalysisRuntimeModels.cs,.cs,5698,7c39907aae3c28f5,ReferenceOnly
EJLive.Core,Models/CompatibilityModels.cs,.cs,5412,adeefac965a4673f,ReferenceOnly
EJLive.Core,Models/JournalArchiveModels.cs,.cs,934,40ef3899c32e97c5,ActiveCompiled
EJLive.Core,Models/JournalSyncModels.cs,.cs,11562,400f0b2600a3ddba,ReferenceOnly
EJLive.Core,Models/MergedTraceModels.cs,.cs,1701,b2a5d33739e7e160,ReferenceOnly
EJLive.Core,Models/NcrCapabilityModels.cs,.cs,1157,cd5ebaea9a888202,ReferenceOnly
EJLive.Core,Models/NcrConfigCapabilityModels.cs,.cs,1113,704a827a241cafa0,ReferenceOnly
EJLive.Core,Models/NcrConfigModels.cs,.cs,1922,03511b49bf8bc470,ActiveCompiled
EJLive.Core,Models/NcrConfigProfileModels.cs,.cs,1358,7124e7e6f82614a5,ReferenceOnly
EJLive.Core,Models/NcrConfigurationModels.cs,.cs,942,e56c69af7ded103c,ActiveCompiled
EJLive.Core,Models/OperationalContracts.cs,.cs,6963,30e3ff6a45baf063,ReferenceOnly
EJLive.Core,Models/TransactionModels.cs,.cs,24024,0a7a80eba2999d69,ReferenceOnly
EJLive.Core,Models/UnifiedModels.cs,.cs,27447,aa96b08d67029adb,ActiveCompiled
EJLive.Core,Models/VendorRootProfileModels.cs,.cs,2472,7cb8af9758e06c79,ActiveCompiled
EJLive.Core,Properties/AssemblyInfo.cs,.cs,571,9ed9cc4b863e975e,ActiveCompiled
EJLive.Core,Services/AgentConfigurationXmlService.cs,.cs,12991,057e6d7e70fb2ae4,ActiveCompiled
EJLive.Core,Services/AlertManager.cs,.cs,11147,c6d40df3509e363f,ActiveCompiled
EJLive.Core,Services/AuditLogger.cs,.cs,8141,3386088b049b0dee,ActiveCompiled
EJLive.Core,Services/ClientTelemetryAnalyticsService.cs,.cs,7155,f1e0f19a812d86c4,ActiveCompiled
EJLive.Core,Services/CommandSigningEngine.cs,.cs,5807,8b464d759f684563,ActiveCompiled
EJLive.Core,Services/CoreServices.cs,.cs,20905,c52a57ec741e4789,ActiveCompiled
EJLive.Core,Services/DatabaseManager.cs,.cs,33182,62df78d46b301dfc,ActiveCompiled
EJLive.Core,Services/GhostRemote2Service.cs,.cs,3222,810f30e1d2a65e16,ActiveCompiled
EJLive.Core,Services/IJournalSyncService.cs,.cs,180,c188bb1c8571b230,ActiveCompiled
EJLive.Core,Services/JournalReadService.cs,.cs,3360,66267bc4975ff258,ActiveCompiled
EJLive.Core,Services/JournalSyncAlertService.cs,.cs,877,5bafd2541a1d2a17,ActiveCompiled
EJLive.Core,Services/JournalSyncDashboardService.cs,.cs,874,f27f74a3aaa9e400,ActiveCompiled
EJLive.Core,Services/JournalSyncMonitorService.cs,.cs,560,48e2dcf0960c53dd,ActiveCompiled
EJLive.Core,Services/JournalSyncService.cs,.cs,815,73735818494d9be0,ActiveCompiled
EJLive.Core,Services/JournalSyncServiceStub.cs,.cs,895,47d6ed5148270f0f,ActiveCompiled
EJLive.Core,Services/JournalSyncStateService.cs,.cs,4605,1f85ff04706e2ca4,ActiveCompiled
EJLive.Core,Services/JournalSyncStateStore.cs,.cs,283,b84f531f5c23efbd,ActiveCompiled
EJLive.Core,Services/JournalSyncTracker.cs,.cs,248,2a095f2dd24b28a6,ActiveCompiled
EJLive.Core,Services/JournalSyncTrackerService.cs,.cs,310,26346c973b831d6c,ActiveCompiled
EJLive.Core,Services/JournalSyncTrackingService.cs,.cs,1717,64c5eb7522f065ba,ActiveCompiled
EJLive.Core,Services/JournalTransferIntelligenceService.cs,.cs,4373,cba6f6abe4c624d3,ActiveCompiled
EJLive.Core,Services/MergedTraceCorrelationService.cs,.cs,411,173e2e6fee14cef7,ActiveCompiled
EJLive.Core,Services/NcrConfigCapabilityParser.cs,.cs,9510,13de70f945c3b941,ActiveCompiled
EJLive.Core,Services/NcrConfigurationCapabilityParser.cs,.cs,6979,c32638f6f02e2ea7,ActiveCompiled
EJLive.Core,Services/NcrReferenceCapabilityFactory.cs,.cs,2860,ca41511a9d8c59c9,ActiveCompiled
EJLive.Core,Services/OperationalReportCatalogService.cs,.cs,8167,31f25729228417a4,ActiveCompiled
EJLive.Core,Services/OperationalStateStore.cs,.cs,1373,8d21da44d8b02d62,ActiveCompiled
EJLive.Core,Services/RoleBasedAccess.cs,.cs,8714,b162468977168b8f,ActiveCompiled
EJLive.Core,Services/ServiceLocator.cs,.cs,1490,4342cbc49f597b57,ActiveCompiled
EJLive.Core,Services/SovereignEngineCompatibility.cs,.cs,4218,005794165c0f796c,ActiveCompiled
EJLive.Core,Services/UnifiedOperationalFusion.cs,.cs,20982,6ace6aacfade2dd0,ActiveCompiled
EJLive.Core,Services/UnifiedOperationalReportingService.cs,.cs,9099,045a3d5a655ccdc1,ActiveCompiled
EJLive.Core,Services/UnifiedServerAnalyticsService.cs,.cs,12028,0808a311fe6cbe7b,ActiveCompiled
EJLive.Core,Services/UnifiedServiceGateway.cs,.cs,21693,357f8cac3c0bbf36,ActiveCompiled
EJLive.Core,Services/UnifiedServiceOperations.cs,.cs,40406,a713907810294eb3,ActiveCompiled
EJLive.Core,Services/VendorRootCapabilityService.cs,.cs,14589,92d5b5d1efe46ca9,ActiveCompiled
EJLive.Core,Services/VendorRootProfileCatalogService.cs,.cs,7299,f4743f89b8119502,ActiveCompiled
EJLive.Core,Services/XfsLogAnalysisService.cs,.cs,12229,8b77b09fe0b9bf1b,ActiveCompiled
EJLive.Core,Sync/JournalSyncModels.cs,.cs,3930,25717d9419666925,ReferenceOnly
EJLive.Core,Xfs/Adapters/CardReaderTraceAdapter.cs,.cs,3830,8e42f3287388c728,ReferenceOnly
EJLive.Core,Xfs/Adapters/DebugTraceAdapter.cs,.cs,3085,e1bddb14be7c8ee3,ReferenceOnly
EJLive.Core,Xfs/Adapters/DieboldMdsAdapter.cs,.cs,11777,141cdf7d2b8c649e,ReferenceOnly
EJLive.Core,Xfs/Adapters/GrgJournalAdapter.cs,.cs,13857,219d1f087f45dfa2,ReferenceOnly
EJLive.Core,Xfs/Adapters/GrgXfsAdapter.cs,.cs,9162,178f31f1ea901d4d,ReferenceOnly
EJLive.Core,Xfs/Adapters/HostMessageInAdapter.cs,.cs,2174,a45614ec4b6d9daf,ReferenceOnly
EJLive.Core,Xfs/Adapters/HostMessageOutAdapter.cs,.cs,2388,69f56f37e3aafb80,ReferenceOnly
EJLive.Core,Xfs/Adapters/IXfsVendorAdapter.cs,.cs,286,d2285863ee1da0f7,ReferenceOnly
EJLive.Core,Xfs/Adapters/NcrCardReaderTraceAdapter.cs,.cs,4933,1aa5da2ce348a301,ReferenceOnly
EJLive.Core,Xfs/Adapters/NcrDebugTraceAdapter.cs,.cs,4333,21ec3b89e8e1cf74,ReferenceOnly
EJLive.Core,Xfs/Adapters/NcrHostMessageInAdapter.cs,.cs,2579,e09b0a734ec5cf54,ReferenceOnly
EJLive.Core,Xfs/Adapters/NcrHostMessageOutAdapter.cs,.cs,2535,ed53d157d12d4e18,ReferenceOnly
EJLive.Core,Xfs/Adapters/NcrJournalAdapter.cs,.cs,6715,588b16a042032719,ReferenceOnly
EJLive.Core,Xfs/Adapters/NcrOoxfsRuntimeAdapter.cs,.cs,3855,dbc962f95e995776,ReferenceOnly
EJLive.Core,Xfs/Adapters/NcrXfsAdapter.cs,.cs,28472,39859a4b684eba5b,ReferenceOnly
EJLive.Core,Xfs/Adapters/OoxfsRuntimeAdapter.cs,.cs,2632,df5e818f08d28211,ReferenceOnly
EJLive.Core,Xfs/IXfsVendorAdapter.cs,.cs,268,f5c66a3f61484161,ReferenceOnly
EJLive.Core,Xfs/Models/XfsNormalizedModels.cs,.cs,1951,64adc248ff8fb6b7,ReferenceOnly
EJLive.Core,Xfs/XfsAdapterRegistry.cs,.cs,1566,3e5621315f602f20,ReferenceOnly
EJLive.Core,Xfs/XfsEventModels.cs,.cs,3253,4a5bf20736714d97,ReferenceOnly
EJLive.Core,Xfs/XfsModels.cs,.cs,12277,44f2f31aaf4aff6e,ActiveCompiled
EJLive.Core,obj/EJLive.Core.csproj.nuget.dgspec.json,.json,6214,b705831e309d3f48,ActiveContent
EJLive.Core,obj/EJLive.Core.csproj.nuget.g.props,.props,1300,778ac0f1928a3093,ActiveContent
EJLive.Core,obj/EJLive.Core.csproj.nuget.g.targets,.targets,150,971cc9b535384849,ActiveContent
EJLive.Core,obj/project.assets.json,.json,8899,35962c50703a2541,ActiveContent
EJLive.Core,obj/project.nuget.cache,.cache,702,f11b84c7d327a140,ActiveContent
EJLive.Core,packages.config,.config,156,1f270ec280da9123,ReferenceOnly
EJLive.Installer.WinForms,EJLive.Installer.WinForms.csproj,.csproj,1625,fd089f65a056cf6b,ActiveContent
EJLive.Installer.WinForms,EJLive.Installer.WinForms.csproj.user,.user,266,f9cc6e4a438572df,ReferenceOnly
EJLive.Installer.WinForms,InstallerAutomationRunner.cs,.cs,18771,d79657c8a67cd523,ActiveCompiled
EJLive.Installer.WinForms,InstallerForm.Designer.cs,.cs,27980,f0356ff36145328f,ReferenceOnly
EJLive.Installer.WinForms,InstallerForm.cs,.cs,19236,f98dfeec7cc3a587,ActiveCompiled
EJLive.Installer.WinForms,InstallerOperationalSecurityService.cs,.cs,20396,70b98414166635b5,ActiveCompiled
EJLive.Installer.WinForms,Program.cs,.cs,1412,6878e0b89e291585,ActiveCompiled
EJLive.Installer.WinForms,Properties/AssemblyInfo.cs,.cs,464,1f9b90b1b8a7026e,ActiveCompiled
EJLive.Installer.WinForms,Properties/AssemblyInfo.cs.bak,.bak,438,4ac018b8588a8a98,ReferenceOnly
EJLive.Installer.WinForms,app.config,.config,524,b55647822cb29223,ReferenceOnly
EJLive.Installer.WinForms,app.manifest,.manifest,872,e23fb6cea4b08ab5,ReferenceOnly
EJLive.Installer.WinForms,obj/EJLive.Installer.WinForms.csproj.nuget.dgspec.json,.json,13730,5b7204497a61b3a4,ActiveContent
EJLive.Installer.WinForms,obj/EJLive.Installer.WinForms.csproj.nuget.g.props,.props,1300,778ac0f1928a3093,ActiveContent
EJLive.Installer.WinForms,obj/EJLive.Installer.WinForms.csproj.nuget.g.targets,.targets,150,971cc9b535384849,ActiveContent
EJLive.Installer.WinForms,obj/project.assets.json,.json,15917,e70f3d5f0737756a,ActiveContent
EJLive.Installer.WinForms,obj/project.nuget.cache,.cache,1006,58b3a23ad2097783,ActiveContent
EJLive.Installer.WinForms,packages.config,.config,156,1f270ec280da9123,ReferenceOnly
EJLive.LegacyReference,LegacyReferenceMarker.cs,.cs,0,LEGACY,ActiveCompiled
EJLive.Monitor,App.config,.config,1497,3c1e56b550551c64,ReferenceOnly
EJLive.Monitor,EJLive.Monitor.csproj,.csproj,846,33f3be48aec471d8,ActiveContent
EJLive.Monitor,MonitoringDashboard.Designer.cs,.cs,1058,6f523795a83e1aaa,ActiveCompiled
EJLive.Monitor,MonitoringDashboard.cs,.cs,27470,cbd11fae1425ffcc,ActiveCompiled
EJLive.Monitor,Properties/AssemblyInfo.cs,.cs,448,6bcdba5b643d4876,ActiveCompiled
EJLive.Monitor,obj/EJLive.Monitor.csproj.nuget.dgspec.json,.json,9630,f12a239656bfa75d,ActiveContent
EJLive.Monitor,obj/EJLive.Monitor.csproj.nuget.g.props,.props,1300,778ac0f1928a3093,ActiveContent
EJLive.Monitor,obj/EJLive.Monitor.csproj.nuget.g.targets,.targets,150,971cc9b535384849,ActiveContent
EJLive.Monitor,obj/project.assets.json,.json,9737,02a2cfea63e73e28,ActiveContent
EJLive.Monitor,obj/project.nuget.cache,.cache,708,209a82b3fbdb9331,ActiveContent
EJLive.Monitor,packages.config,.config,236,8fdf04cf46084792,ReferenceOnly
EJLive.Monitoring.WinForms,EJLive.Monitoring.WinForms.csproj,.csproj,1451,8c4d735a35426fd9,ActiveContent
EJLive.Monitoring.WinForms,EJLive.Monitoring.WinForms.csproj.user,.user,270,a281f8fcb8c69bf7,ReferenceOnly
EJLive.Monitoring.WinForms,MainDashboardForm.Designer.cs,.cs,51920,0fa89c0dd4e6473f,ReferenceOnly
EJLive.Monitoring.WinForms,MainDashboardForm.cs,.cs,45061,1ccbdaa4faf5b3db,ActiveCompiled
EJLive.Monitoring.WinForms,MainDashboardForm.resx,.resx,5817,4363cd7d5b8671c7,ReferenceOnly
EJLive.Monitoring.WinForms,Models/DashboardModels.cs,.cs,3145,7c1df01237078c19,ActiveCompiled
EJLive.Monitoring.WinForms,Program.cs,.cs,233,45fb6804fc5d299d,ActiveCompiled
EJLive.Monitoring.WinForms,Properties/AssemblyInfo.cs,.cs,455,2d4f8503915ad76a,ActiveCompiled
EJLive.Monitoring.WinForms,Properties/AssemblyInfo.cs.bak,.bak,454,99c78888ebd31cfa,ReferenceOnly
EJLive.Monitoring.WinForms,app.config,.config,654,a523cb297ea0671b,ReferenceOnly
EJLive.Monitoring.WinForms,obj/EJLive.Monitoring.WinForms.csproj.nuget.dgspec.json,.json,9734,ff884b1d01b5bc53,ActiveContent
EJLive.Monitoring.WinForms,obj/EJLive.Monitoring.WinForms.csproj.nuget.g.props,.props,1300,778ac0f1928a3093,ActiveContent
EJLive.Monitoring.WinForms,obj/EJLive.Monitoring.WinForms.csproj.nuget.g.targets,.targets,150,971cc9b535384849,ActiveContent
EJLive.Monitoring.WinForms,obj/project.assets.json,.json,9793,bc27b0d56b17bd79,ActiveContent
EJLive.Monitoring.WinForms,obj/project.nuget.cache,.cache,732,9d87a5dba97b5618,ActiveContent
EJLive.Monitoring.WinForms,packages.config,.config,156,1f270ec280da9123,ReferenceOnly
EJLive.Server.WinForms,ATMCardPanel.cs,.cs,7547,6c49a42421013a8f,ReferenceOnly
EJLive.Server.WinForms,ATMDetailDrawerForm.Designer.cs,.cs,870,8fd7029b65fbbcf7,ReferenceOnly
EJLive.Server.WinForms,ATMDetailDrawerForm.cs,.cs,11019,283cfad14cd24ba4,ReferenceOnly
EJLive.Server.WinForms,ATMDetailForm.Designer.cs,.cs,4425,3589d61e04aa5583,ReferenceOnly
EJLive.Server.WinForms,ATMDetailForm.cs,.cs,2138,dbc361bf8728ae55,ReferenceOnly
EJLive.Server.WinForms,EJLive.Server.WinForms.csproj,.csproj,2433,498dc85d5c3a3d02,ActiveContent
EJLive.Server.WinForms,EJLive.Server.WinForms.csproj.user,.user,267,ddad3fa7551f83b3,ReferenceOnly
EJLive.Server.WinForms,JournalSyncDashboardForm.cs,.cs,10051,a34fc222c07aefdc,ReferenceOnly
EJLive.Server.WinForms,JournalSyncDashboardForm.resx,.resx,5817,4363cd7d5b8671c7,ReferenceOnly
EJLive.Server.WinForms,JournalViewerForm.Designer.cs,.cs,868,3d429567baa50501,ReferenceOnly
EJLive.Server.WinForms,JournalViewerForm.bind.cs,.cs,437,f004d9278b62001b,ReferenceOnly
EJLive.Server.WinForms,JournalViewerForm.cs,.cs,13187,c2083546074acfdc,ReferenceOnly
EJLive.Server.WinForms,Program.cs,.cs,226,0a525794b8dae47a,ActiveCompiled
EJLive.Server.WinForms,PromptTextDialog.cs,.cs,1862,836f661ab91f289f,ActiveCompiled
EJLive.Server.WinForms,Properties/AssemblyInfo.cs,.cs,458,7db20063082986f0,ActiveCompiled
EJLive.Server.WinForms,Properties/AssemblyInfo.cs.bak,.bak,472,fedcf28d2e05ece8,ReferenceOnly
EJLive.Server.WinForms,ServerMainForm.Designer.cs,.cs,49334,3198e99b1a9c32d0,ReferenceOnly
EJLive.Server.WinForms,ServerMainForm.bind.cs,.cs,462,f7234ce7d4ae9f0c,ReferenceOnly
EJLive.Server.WinForms,ServerMainForm.cs,.cs,108845,467cb6a4a7648b5c,ActiveCompiled
EJLive.Server.WinForms,Services/ArchiveManager.cs,.cs,14117,e77523229f923556,ReferenceOnly
EJLive.Server.WinForms,Services/EJServer.cs,.cs,25671,3f4748d9f3cca80e,ReferenceOnly
EJLive.Server.WinForms,Services/EJServerService.cs,.cs,173,fb85f12cc4274655,ReferenceOnly
EJLive.Server.WinForms,Services/UIBinder.cs,.cs,1846,89c9b4387de9b3c4,ReferenceOnly
EJLive.Server.WinForms,SyncDashboardForm.Designer.cs,.cs,6578,b830b2ef9d9d2cd7,ReferenceOnly
EJLive.Server.WinForms,SyncDashboardForm.cs,.cs,4128,4a7181ea78100e60,ReferenceOnly
EJLive.Server.WinForms,app.config,.config,1101,fe3263150a5b61a1,ReferenceOnly
EJLive.Server.WinForms,obj/EJLive.Server.WinForms.csproj.nuget.dgspec.json,.json,9694,bfc9ea6e4cfe03f6,ActiveContent
EJLive.Server.WinForms,obj/EJLive.Server.WinForms.csproj.nuget.g.props,.props,1300,778ac0f1928a3093,ActiveContent
EJLive.Server.WinForms,obj/EJLive.Server.WinForms.csproj.nuget.g.targets,.targets,150,971cc9b535384849,ActiveContent
EJLive.Server.WinForms,obj/project.assets.json,.json,9769,8eaf9527b05dcc42,ActiveContent
EJLive.Server.WinForms,obj/project.nuget.cache,.cache,724,c60bf6d30c965a22,ActiveContent
EJLive.Server.WinForms,packages.config,.config,156,1f270ec280da9123,ReferenceOnly
EJLive.Shared,App.config,.config,1497,65b21c87bd38ed77,ReferenceOnly
EJLive.Shared,AppLogger.cs,.cs,2740,e152bd50191f979b,ActiveCompiled
EJLive.Shared,DateTimeHelper.cs,.cs,1097,210ead49a3bcf3bf,ActiveCompiled
EJLive.Shared,EJLive.Shared.csproj,.csproj,1086,d0f0e8bf898c5bb9,ActiveContent
EJLive.Shared,EJLive.Shared.csproj.bak,.bak,2511,f4acd6395e67af05,ReferenceOnly
EJLive.Shared,LightUiTheme.cs,.cs,10217,2d468ccb7927ddfe,ReferenceOnly
EJLive.Shared,Logger.cs,.cs,5607,a9640ef84898cf6e,ReferenceOnly
EJLive.Shared,MonitoringState.cs,.cs,2930,caf788d46c360519,ReferenceOnly
EJLive.Shared,MonitoringStateStore.cs,.cs,9512,0c4185b946425619,ReferenceOnly
EJLive.Shared,Properties/AssemblyInfo.cs,.cs,558,de1c3709280919fd,ActiveCompiled
EJLive.Shared,Properties/AssemblyInfo.cs.bak,.bak,481,336bcca01c8e008a,ReferenceOnly
EJLive.Shared,RetryPolicy.cs,.cs,1523,b1e9433504441e2c,ActiveCompiled
EJLive.Shared,SecurityHelper.cs,.cs,14504,f8e623e0f3508c97,ActiveCompiled
EJLive.Shared,SecurityHelper.cs.bak,.bak,12104,d702d2999e4a29d7,ReferenceOnly
EJLive.Shared,obj/EJLive.Shared.csproj.nuget.dgspec.json,.json,2977,8898f0db99347b83,ActiveContent
EJLive.Shared,obj/EJLive.Shared.csproj.nuget.g.props,.props,1300,778ac0f1928a3093,ActiveContent
EJLive.Shared,obj/EJLive.Shared.csproj.nuget.g.targets,.targets,150,971cc9b535384849,ActiveContent
EJLive.Shared,obj/project.assets.json,.json,5177,61ac71bd9db96d53,ActiveContent
EJLive.Shared,obj/project.nuget.cache,.cache,428,7af2eef6bf384608,ActiveContent
EJLive.Shared,packages.config,.config,52,bfaeb4f580d39b35,ReferenceOnly
EJLive.Tests,ClientV5StartupTests.cs,.cs,1475,8f41a054fcea7ef5,ActiveCompiled
EJLive.Tests,EJLive.Tests.csproj,.csproj,1190,43250d9c93f39203,ActiveContent
EJLive.Tests,RegressionGateTests.cs,.cs,4323,63f39be617c1e12a,ActiveCompiled
EJLive.Tests,UnifiedRuntimeTests.cs,.cs,100358,406b2b8b23e6ff1c,ActiveCompiled
EJLive.Tests,V5EnhancedDifferenceTests.cs,.cs,13731,0e85e921bab1cb5f,ActiveCompiled
EJLive.Tests,obj/EJLive.Tests.csproj.nuget.dgspec.json,.json,25474,40c2c4992bbcd6e6,ActiveContent
EJLive.Tests,obj/EJLive.Tests.csproj.nuget.g.props,.props,2353,0b7e8bd890e46706,ActiveContent
EJLive.Tests,obj/EJLive.Tests.csproj.nuget.g.targets,.targets,1453,479ceb923e6d23f9,ActiveContent
EJLive.Tests,obj/project.assets.json,.json,82211,463b4908265e451e,ActiveContent
EJLive.Tests,obj/project.nuget.cache,.cache,2078,c7e157ac0542dd93,ActiveContent
EJLive.Verification,EJLive.Verification.csproj,.csproj,1287,c6aa43099a8387f0,ActiveContent
EJLive.Verification,Program.cs,.cs,63368,ce20d69d07075b57,ActiveCompiled
EJLive.Verification,obj/EJLive.Verification.csproj.nuget.dgspec.json,.json,37099,6288f2efc01872a6,ActiveContent
EJLive.Verification,obj/EJLive.Verification.csproj.nuget.g.props,.props,1300,778ac0f1928a3093,ActiveContent
EJLive.Verification,obj/EJLive.Verification.csproj.nuget.g.targets,.targets,150,971cc9b535384849,ActiveContent
EJLive.Verification,obj/project.assets.json,.json,22623,bb98b365cfc7c233,ActiveContent
EJLive.Verification,obj/project.nuget.cache,.cache,994,e0f301ae842717cd,ActiveContent
